Command line invocation:
    /Applications/Xcode.app/Contents/Developer/usr/bin/xcodebuild build-for-testing -project LocalScroll.xcodeproj -scheme LocalScroll -destination "platform=iOS Simulator,name=iPhone 17 Pro Max,OS=26.5" CODE_SIGNING_ALLOWED=NO -derivedDataPath /tmp/LocalScrollDerived

Build settings from command line:
    CODE_SIGNING_ALLOWED = NO

2026-06-05 15:45:08.420 xcodebuild[23879:719081]  DVTDeviceOperation: Encountered a build number "" that is incompatible with DVTBuildVersion.
2026-06-05 15:45:08.423 xcodebuild[23879:719006] [MT] DVTDeviceOperation: Encountered a build number "" that is incompatible with DVTBuildVersion.
Resolve Package Graph


Resolved source packages:
  LocalScrollCore: /Users/ipanda/Documents/project/localScroll_iOS @ local

2026-06-05 15:45:08.521 xcodebuild[23879:719006] [MT] IDERunDestination: Supported platforms for the buildables in the current scheme is empty.
ComputePackagePrebuildTargetDependencyGraph

Prepare packages

CreateBuildRequest

SendProjectDescription

CreateBuildOperation

ComputeTargetDependencyGraph
note: Building targets in dependency order
note: Target dependency graph (6 targets)
    Target 'LocalScrollUITests' in project 'LocalScroll'
        ➜ Explicit dependency on target 'LocalScroll' in project 'LocalScroll'
    Target 'LocalScrollTests' in project 'LocalScroll'
        ➜ Explicit dependency on target 'LocalScroll' in project 'LocalScroll'
    Target 'LocalScroll' in project 'LocalScroll'
        ➜ Explicit dependency on target 'LocalScrollWidget' in project 'LocalScroll'
        ➜ Explicit dependency on target 'LocalScrollCore' in project 'LocalScrollCore'
    Target 'LocalScrollCore' in project 'LocalScrollCore'
        ➜ Explicit dependency on target 'LocalScrollCore' in project 'LocalScrollCore'
    Target 'LocalScrollCore' in project 'LocalScrollCore' (no dependencies)
    Target 'LocalScrollWidget' in project 'LocalScroll' (no dependencies)

GatherProvisioningInputs

CreateBuildDescription

ExecuteExternalTool /Applications/Xcode.app/Contents/Developer/Toolchains/XcodeDefault.xctoolchain/usr/bin/swiftc --version

ExecuteExternalTool /Applications/Xcode.app/Contents/Developer/usr/bin/actool --print-asset-tag-combinations --output-format xml1 /Users/ipanda/Documents/Code/iosproject/LocalScroll_Xcode/LocalScroll/Preview Content/Preview Assets.xcassets /Users/ipanda/Documents/Code/iosproject/LocalScroll_Xcode/LocalScroll/Assets.xcassets

ExecuteExternalTool /Applications/Xcode.app/Contents/Developer/Toolchains/XcodeDefault.xctoolchain/usr/bin/clang -v -E -dM -isysroot /Applications/Xcode.app/Contents/Developer/Platforms/iPhoneSimulator.platform/Developer/SDKs/iPhoneSimulator26.5.sdk -x c -c /dev/null

ExecuteExternalTool /Applications/Xcode.app/Contents/Developer/Toolchains/XcodeDefault.xctoolchain/usr/bin/ld -version_details

ExecuteExternalTool /Applications/Xcode.app/Contents/Developer/usr/bin/actool --version --output-format xml1

Build description signature: 56c78a8777a16276a520c22c806e424a
Build description path: /tmp/LocalScrollDerived/Build/Intermediates.noindex/XCBuildData/56c78a8777a16276a520c22c806e424a.xcbuilddata
ClangStatCache /Applications/Xcode.app/Contents/Developer/Toolchains/XcodeDefault.xctoolchain/usr/bin/clang-stat-cache /Applications/Xcode.app/Contents/Developer/Platforms/iPhoneSimulator.platform/Developer/SDKs/iPhoneSimulator26.5.sdk /tmp/LocalScrollDerived/SDKStatCaches.noindex/iphonesimulator26.5-23F73-6cfe768891a92b912361537c460fe42b.sdkstatcache
    cd /Users/ipanda/Documents/Code/iosproject/LocalScroll_Xcode/LocalScroll.xcodeproj
    /Applications/Xcode.app/Contents/Developer/Toolchains/XcodeDefault.xctoolchain/usr/bin/clang-stat-cache /Applications/Xcode.app/Contents/Developer/Platforms/iPhoneSimulator.platform/Developer/SDKs/iPhoneSimulator26.5.sdk -o /tmp/LocalScrollDerived/SDKStatCaches.noindex/iphonesimulator26.5-23F73-6cfe768891a92b912361537c460fe42b.sdkstatcache

CreateBuildDirectory /tmp/LocalScrollDerived/Build/Products
    cd /Users/ipanda/Documents/Code/iosproject/LocalScroll_Xcode/LocalScroll.xcodeproj
    builtin-create-build-directory /tmp/LocalScrollDerived/Build/Products

CreateBuildDirectory /tmp/LocalScrollDerived/Build/Intermediates.noindex
    cd /Users/ipanda/Documents/Code/iosproject/LocalScroll_Xcode/LocalScroll.xcodeproj
    builtin-create-build-directory /tmp/LocalScrollDerived/Build/Intermediates.noindex

CreateBuildDirectory /tmp/LocalScrollDerived/Build/Intermediates.noindex/ExplicitPrecompiledModules
    cd /Users/ipanda/Documents/Code/iosproject/LocalScroll_Xcode/LocalScroll.xcodeproj
    builtin-create-build-directory /tmp/LocalScrollDerived/Build/Intermediates.noindex/ExplicitPrecompiledModules

CreateBuildDirectory /tmp/LocalScrollDerived/Build/Products/Debug-iphonesimulator
    cd /Users/ipanda/Documents/Code/iosproject/LocalScroll_Xcode/LocalScroll.xcodeproj
    builtin-create-build-directory /tmp/LocalScrollDerived/Build/Products/Debug-iphonesimulator

CreateBuildDirectory /tmp/LocalScrollDerived/Build/Intermediates.noindex/SwiftExplicitPrecompiledModules
    cd /Users/ipanda/Documents/Code/iosproject/LocalScroll_Xcode/LocalScroll.xcodeproj
    builtin-create-build-directory /tmp/LocalScrollDerived/Build/Intermediates.noindex/SwiftExplicitPrecompiledModules

CreateBuildDirectory /tmp/LocalScrollDerived/Build/Intermediates.noindex/EagerLinkingTBDs/Debug-iphonesimulator
    cd /Users/ipanda/Documents/Code/iosproject/LocalScroll_Xcode/LocalScroll.xcodeproj
    builtin-create-build-directory /tmp/LocalScrollDerived/Build/Intermediates.noindex/EagerLinkingTBDs/Debug-iphonesimulator

WriteAuxiliaryFile /tmp/LocalScrollDerived/Build/Intermediates.noindex/LocalScroll.build/Debug-iphonesimulator/LocalScroll-b040b9c999c0951a7823b9397cd8b53e-VFS-iphonesimulator/all-product-headers.yaml
    cd /Users/ipanda/Documents/Code/iosproject/LocalScroll_Xcode/LocalScroll.xcodeproj
    write-file /tmp/LocalScrollDerived/Build/Intermediates.noindex/LocalScroll.build/Debug-iphonesimulator/LocalScroll-b040b9c999c0951a7823b9397cd8b53e-VFS-iphonesimulator/all-product-headers.yaml

CreateBuildDirectory /tmp/LocalScrollDerived/Build/Products/Debug-iphonesimulator/PackageFrameworks
    cd /Users/ipanda/Documents/Code/iosproject/LocalScroll_Xcode/LocalScroll.xcodeproj
    builtin-create-build-directory /tmp/LocalScrollDerived/Build/Products/Debug-iphonesimulator/PackageFrameworks

WriteAuxiliaryFile /tmp/LocalScrollDerived/Build/Intermediates.noindex/LocalScroll.build/Debug-iphonesimulator/LocalScroll.build/LocalScroll-project-headers.hmap (in target 'LocalScroll' from project 'LocalScroll')
    cd /Users/ipanda/Documents/Code/iosproject/LocalScroll_Xcode
    write-file /tmp/LocalScrollDerived/Build/Intermediates.noindex/LocalScroll.build/Debug-iphonesimulator/LocalScroll.build/LocalScroll-project-headers.hmap

WriteAuxiliaryFile /tmp/LocalScrollDerived/Build/Intermediates.noindex/LocalScroll.build/Debug-iphonesimulator/LocalScroll.build/LocalScroll-generated-files.hmap (in target 'LocalScroll' from project 'LocalScroll')
    cd /Users/ipanda/Documents/Code/iosproject/LocalScroll_Xcode
    write-file /tmp/LocalScrollDerived/Build/Intermediates.noindex/LocalScroll.build/Debug-iphonesimulator/LocalScroll.build/LocalScroll-generated-files.hmap

WriteAuxiliaryFile /tmp/LocalScrollDerived/Build/Intermediates.noindex/LocalScroll.build/Debug-iphonesimulator/LocalScroll.build/LocalScroll.hmap (in target 'LocalScroll' from project 'LocalScroll')
    cd /Users/ipanda/Documents/Code/iosproject/LocalScroll_Xcode
    write-file /tmp/LocalScrollDerived/Build/Intermediates.noindex/LocalScroll.build/Debug-iphonesimulator/LocalScroll.build/LocalScroll.hmap

WriteAuxiliaryFile /tmp/LocalScrollDerived/Build/Intermediates.noindex/LocalScroll.build/Debug-iphonesimulator/LocalScroll.build/LocalScroll-all-non-framework-target-headers.hmap (in target 'LocalScroll' from project 'LocalScroll')
    cd /Users/ipanda/Documents/Code/iosproject/LocalScroll_Xcode
    write-file /tmp/LocalScrollDerived/Build/Intermediates.noindex/LocalScroll.build/Debug-iphonesimulator/LocalScroll.build/LocalScroll-all-non-framework-target-headers.hmap

WriteAuxiliaryFile /tmp/LocalScrollDerived/Build/Intermediates.noindex/LocalScroll.build/Debug-iphonesimulator/LocalScroll.build/LocalScroll.DependencyStaticMetadataFileList (in target 'LocalScroll' from project 'LocalScroll')
    cd /Users/ipanda/Documents/Code/iosproject/LocalScroll_Xcode
    write-file /tmp/LocalScrollDerived/Build/Intermediates.noindex/LocalScroll.build/Debug-iphonesimulator/LocalScroll.build/LocalScroll.DependencyStaticMetadataFileList

WriteAuxiliaryFile /tmp/LocalScrollDerived/Build/Intermediates.noindex/LocalScroll.build/Debug-iphonesimulator/LocalScroll.build/LocalScroll-own-target-headers.hmap (in target 'LocalScroll' from project 'LocalScroll')
    cd /Users/ipanda/Documents/Code/iosproject/LocalScroll_Xcode
    write-file /tmp/LocalScrollDerived/Build/Intermediates.noindex/LocalScroll.build/Debug-iphonesimulator/LocalScroll.build/LocalScroll-own-target-headers.hmap

WriteAuxiliaryFile /tmp/LocalScrollDerived/Build/Intermediates.noindex/LocalScroll.build/Debug-iphonesimulator/LocalScroll.build/LocalScroll-all-target-headers.hmap (in target 'LocalScroll' from project 'LocalScroll')
    cd /Users/ipanda/Documents/Code/iosproject/LocalScroll_Xcode
    write-file /tmp/LocalScrollDerived/Build/Intermediates.noindex/LocalScroll.build/Debug-iphonesimulator/LocalScroll.build/LocalScroll-all-target-headers.hmap

WriteAuxiliaryFile /tmp/LocalScrollDerived/Build/Intermediates.noindex/LocalScroll.build/Debug-iphonesimulator/LocalScroll.build/Objects-normal/arm64/LocalScroll.SwiftConstValuesFileList (in target 'LocalScroll' from project 'LocalScroll')
    cd /Users/ipanda/Documents/Code/iosproject/LocalScroll_Xcode
    write-file /tmp/LocalScrollDerived/Build/Intermediates.noindex/LocalScroll.build/Debug-iphonesimulator/LocalScroll.build/Objects-normal/arm64/LocalScroll.SwiftConstValuesFileList

WriteAuxiliaryFile /tmp/LocalScrollDerived/Build/Intermediates.noindex/LocalScroll.build/Debug-iphonesimulator/LocalScroll.build/Objects-normal/arm64/LocalScroll.LinkFileList (in target 'LocalScroll' from project 'LocalScroll')
    cd /Users/ipanda/Documents/Code/iosproject/LocalScroll_Xcode
    write-file /tmp/LocalScrollDerived/Build/Intermediates.noindex/LocalScroll.build/Debug-iphonesimulator/LocalScroll.build/Objects-normal/arm64/LocalScroll.LinkFileList

WriteAuxiliaryFile /tmp/LocalScrollDerived/Build/Intermediates.noindex/LocalScroll.build/Debug-iphonesimulator/LocalScroll.build/Objects-normal/arm64/LocalScroll_const_extract_protocols.json (in target 'LocalScroll' from project 'LocalScroll')
    cd /Users/ipanda/Documents/Code/iosproject/LocalScroll_Xcode
    write-file /tmp/LocalScrollDerived/Build/Intermediates.noindex/LocalScroll.build/Debug-iphonesimulator/LocalScroll.build/Objects-normal/arm64/LocalScroll_const_extract_protocols.json

WriteAuxiliaryFile /tmp/LocalScrollDerived/Build/Intermediates.noindex/LocalScroll.build/Debug-iphonesimulator/LocalScroll.build/Objects-normal/arm64/LocalScroll-OutputFileMap.json (in target 'LocalScroll' from project 'LocalScroll')
    cd /Users/ipanda/Documents/Code/iosproject/LocalScroll_Xcode
    write-file /tmp/LocalScrollDerived/Build/Intermediates.noindex/LocalScroll.build/Debug-iphonesimulator/LocalScroll.build/Objects-normal/arm64/LocalScroll-OutputFileMap.json

WriteAuxiliaryFile /tmp/LocalScrollDerived/Build/Intermediates.noindex/LocalScroll.build/Debug-iphonesimulator/LocalScroll.build/Objects-normal/arm64/LocalScroll.SwiftFileList (in target 'LocalScroll' from project 'LocalScroll')
    cd /Users/ipanda/Documents/Code/iosproject/LocalScroll_Xcode
    write-file /tmp/LocalScrollDerived/Build/Intermediates.noindex/LocalScroll.build/Debug-iphonesimulator/LocalScroll.build/Objects-normal/arm64/LocalScroll.SwiftFileList

WriteAuxiliaryFile /tmp/LocalScrollDerived/Build/Intermediates.noindex/LocalScroll.build/Debug-iphonesimulator/LocalScrollWidget.build/Objects-normal/arm64/LocalScrollWidget.SwiftConstValuesFileList (in target 'LocalScrollWidget' from project 'LocalScroll')
    cd /Users/ipanda/Documents/Code/iosproject/LocalScroll_Xcode
    write-file /tmp/LocalScrollDerived/Build/Intermediates.noindex/LocalScroll.build/Debug-iphonesimulator/LocalScrollWidget.build/Objects-normal/arm64/LocalScrollWidget.SwiftConstValuesFileList

WriteAuxiliaryFile /tmp/LocalScrollDerived/Build/Intermediates.noindex/LocalScroll.build/Debug-iphonesimulator/LocalScrollWidget.build/Objects-normal/arm64/LocalScrollWidget_const_extract_protocols.json (in target 'LocalScrollWidget' from project 'LocalScroll')
    cd /Users/ipanda/Documents/Code/iosproject/LocalScroll_Xcode
    write-file /tmp/LocalScrollDerived/Build/Intermediates.noindex/LocalScroll.build/Debug-iphonesimulator/LocalScrollWidget.build/Objects-normal/arm64/LocalScrollWidget_const_extract_protocols.json

WriteAuxiliaryFile /tmp/LocalScrollDerived/Build/Intermediates.noindex/LocalScroll.build/Debug-iphonesimulator/LocalScrollWidget.build/Objects-normal/arm64/LocalScrollWidget.SwiftFileList (in target 'LocalScrollWidget' from project 'LocalScroll')
    cd /Users/ipanda/Documents/Code/iosproject/LocalScroll_Xcode
    write-file /tmp/LocalScrollDerived/Build/Intermediates.noindex/LocalScroll.build/Debug-iphonesimulator/LocalScrollWidget.build/Objects-normal/arm64/LocalScrollWidget.SwiftFileList

WriteAuxiliaryFile /tmp/LocalScrollDerived/Build/Intermediates.noindex/LocalScroll.build/Debug-iphonesimulator/LocalScrollWidget.build/Objects-normal/arm64/LocalScrollWidget.LinkFileList (in target 'LocalScrollWidget' from project 'LocalScroll')
    cd /Users/ipanda/Documents/Code/iosproject/LocalScroll_Xcode
    write-file /tmp/LocalScrollDerived/Build/Intermediates.noindex/LocalScroll.build/Debug-iphonesimulator/LocalScrollWidget.build/Objects-normal/arm64/LocalScrollWidget.LinkFileList

WriteAuxiliaryFile /tmp/LocalScrollDerived/Build/Intermediates.noindex/LocalScroll.build/Debug-iphonesimulator/LocalScrollWidget.build/Objects-normal/arm64/LocalScrollWidget-OutputFileMap.json (in target 'LocalScrollWidget' from project 'LocalScroll')
    cd /Users/ipanda/Documents/Code/iosproject/LocalScroll_Xcode
    write-file /tmp/LocalScrollDerived/Build/Intermediates.noindex/LocalScroll.build/Debug-iphonesimulator/LocalScrollWidget.build/Objects-normal/arm64/LocalScrollWidget-OutputFileMap.json

WriteAuxiliaryFile /tmp/LocalScrollDerived/Build/Intermediates.noindex/LocalScroll.build/Debug-iphonesimulator/LocalScrollWidget.build/LocalScrollWidget.hmap (in target 'LocalScrollWidget' from project 'LocalScroll')
    cd /Users/ipanda/Documents/Code/iosproject/LocalScroll_Xcode
    write-file /tmp/LocalScrollDerived/Build/Intermediates.noindex/LocalScroll.build/Debug-iphonesimulator/LocalScrollWidget.build/LocalScrollWidget.hmap

WriteAuxiliaryFile /tmp/LocalScrollDerived/Build/Intermediates.noindex/LocalScroll.build/Debug-iphonesimulator/LocalScrollWidget.build/LocalScrollWidget.DependencyStaticMetadataFileList (in target 'LocalScrollWidget' from project 'LocalScroll')
    cd /Users/ipanda/Documents/Code/iosproject/LocalScroll_Xcode
    write-file /tmp/LocalScrollDerived/Build/Intermediates.noindex/LocalScroll.build/Debug-iphonesimulator/LocalScrollWidget.build/LocalScrollWidget.DependencyStaticMetadataFileList

WriteAuxiliaryFile /tmp/LocalScrollDerived/Build/Intermediates.noindex/LocalScroll.build/Debug-iphonesimulator/LocalScrollWidget.build/LocalScrollWidget.DependencyMetadataFileList (in target 'LocalScrollWidget' from project 'LocalScroll')
    cd /Users/ipanda/Documents/Code/iosproject/LocalScroll_Xcode
    write-file /tmp/LocalScrollDerived/Build/Intermediates.noindex/LocalScroll.build/Debug-iphonesimulator/LocalScrollWidget.build/LocalScrollWidget.DependencyMetadataFileList

WriteAuxiliaryFile /tmp/LocalScrollDerived/Build/Intermediates.noindex/LocalScroll.build/Debug-iphonesimulator/LocalScrollWidget.build/LocalScrollWidget-project-headers.hmap (in target 'LocalScrollWidget' from project 'LocalScroll')
    cd /Users/ipanda/Documents/Code/iosproject/LocalScroll_Xcode
    write-file /tmp/LocalScrollDerived/Build/Intermediates.noindex/LocalScroll.build/Debug-iphonesimulator/LocalScrollWidget.build/LocalScrollWidget-project-headers.hmap

WriteAuxiliaryFile /tmp/LocalScrollDerived/Build/Intermediates.noindex/LocalScroll.build/Debug-iphonesimulator/LocalScrollWidget.build/LocalScrollWidget-own-target-headers.hmap (in target 'LocalScrollWidget' from project 'LocalScroll')
    cd /Users/ipanda/Documents/Code/iosproject/LocalScroll_Xcode
    write-file /tmp/LocalScrollDerived/Build/Intermediates.noindex/LocalScroll.build/Debug-iphonesimulator/LocalScrollWidget.build/LocalScrollWidget-own-target-headers.hmap

WriteAuxiliaryFile /tmp/LocalScrollDerived/Build/Intermediates.noindex/LocalScroll.build/Debug-iphonesimulator/LocalScrollWidget.build/LocalScrollWidget-generated-files.hmap (in target 'LocalScrollWidget' from project 'LocalScroll')
    cd /Users/ipanda/Documents/Code/iosproject/LocalScroll_Xcode
    write-file /tmp/LocalScrollDerived/Build/Intermediates.noindex/LocalScroll.build/Debug-iphonesimulator/LocalScrollWidget.build/LocalScrollWidget-generated-files.hmap

WriteAuxiliaryFile /tmp/LocalScrollDerived/Build/Intermediates.noindex/LocalScroll.build/Debug-iphonesimulator/LocalScrollWidget.build/LocalScrollWidget-all-target-headers.hmap (in target 'LocalScrollWidget' from project 'LocalScroll')
    cd /Users/ipanda/Documents/Code/iosproject/LocalScroll_Xcode
    write-file /tmp/LocalScrollDerived/Build/Intermediates.noindex/LocalScroll.build/Debug-iphonesimulator/LocalScrollWidget.build/LocalScrollWidget-all-target-headers.hmap

WriteAuxiliaryFile /tmp/LocalScrollDerived/Build/Intermediates.noindex/LocalScroll.build/Debug-iphonesimulator/LocalScrollWidget.build/LocalScrollWidget-all-non-framework-target-headers.hmap (in target 'LocalScrollWidget' from project 'LocalScroll')
    cd /Users/ipanda/Documents/Code/iosproject/LocalScroll_Xcode
    write-file /tmp/LocalScrollDerived/Build/Intermediates.noindex/LocalScroll.build/Debug-iphonesimulator/LocalScrollWidget.build/LocalScrollWidget-all-non-framework-target-headers.hmap

WriteAuxiliaryFile /tmp/LocalScrollDerived/Build/Intermediates.noindex/LocalScroll.build/Debug-iphonesimulator/LocalScrollWidget.build/LocalScrollWidget-DebugEntryPoint-normal-arm64.txt (in target 'LocalScrollWidget' from project 'LocalScroll')
    cd /Users/ipanda/Documents/Code/iosproject/LocalScroll_Xcode
    write-file /tmp/LocalScrollDerived/Build/Intermediates.noindex/LocalScroll.build/Debug-iphonesimulator/LocalScrollWidget.build/LocalScrollWidget-DebugEntryPoint-normal-arm64.txt

WriteAuxiliaryFile /tmp/LocalScrollDerived/Build/Intermediates.noindex/LocalScroll.build/Debug-iphonesimulator/LocalScrollWidget.build/LocalScrollWidget-DebugDylibPath-normal-arm64.txt (in target 'LocalScrollWidget' from project 'LocalScroll')
    cd /Users/ipanda/Documents/Code/iosproject/LocalScroll_Xcode
    write-file /tmp/LocalScrollDerived/Build/Intermediates.noindex/LocalScroll.build/Debug-iphonesimulator/LocalScrollWidget.build/LocalScrollWidget-DebugDylibPath-normal-arm64.txt

WriteAuxiliaryFile /tmp/LocalScrollDerived/Build/Intermediates.noindex/LocalScroll.build/Debug-iphonesimulator/LocalScrollWidget.build/LocalScrollWidget-DebugDylibInstallName-normal-arm64.txt (in target 'LocalScrollWidget' from project 'LocalScroll')
    cd /Users/ipanda/Documents/Code/iosproject/LocalScroll_Xcode
    write-file /tmp/LocalScrollDerived/Build/Intermediates.noindex/LocalScroll.build/Debug-iphonesimulator/LocalScrollWidget.build/LocalScrollWidget-DebugDylibInstallName-normal-arm64.txt

WriteAuxiliaryFile /tmp/LocalScrollDerived/Build/Intermediates.noindex/LocalScroll.build/Debug-iphonesimulator/LocalScrollUITests.build/ProductTypeInfoPlistAdditions.plist (in target 'LocalScrollUITests' from project 'LocalScroll')
    cd /Users/ipanda/Documents/Code/iosproject/LocalScroll_Xcode
    write-file /tmp/LocalScrollDerived/Build/Intermediates.noindex/LocalScroll.build/Debug-iphonesimulator/LocalScrollUITests.build/ProductTypeInfoPlistAdditions.plist

WriteAuxiliaryFile /tmp/LocalScrollDerived/Build/Intermediates.noindex/LocalScroll.build/Debug-iphonesimulator/LocalScrollUITests.build/empty-LocalScrollUITests.plist (in target 'LocalScrollUITests' from project 'LocalScroll')
    cd /Users/ipanda/Documents/Code/iosproject/LocalScroll_Xcode
    write-file /tmp/LocalScrollDerived/Build/Intermediates.noindex/LocalScroll.build/Debug-iphonesimulator/LocalScrollUITests.build/empty-LocalScrollUITests.plist

WriteAuxiliaryFile /tmp/LocalScrollDerived/Build/Intermediates.noindex/LocalScroll.build/Debug-iphonesimulator/LocalScrollUITests.build/Objects-normal/arm64/LocalScrollUITests.SwiftConstValuesFileList (in target 'LocalScrollUITests' from project 'LocalScroll')
    cd /Users/ipanda/Documents/Code/iosproject/LocalScroll_Xcode
    write-file /tmp/LocalScrollDerived/Build/Intermediates.noindex/LocalScroll.build/Debug-iphonesimulator/LocalScrollUITests.build/Objects-normal/arm64/LocalScrollUITests.SwiftConstValuesFileList

WriteAuxiliaryFile /tmp/LocalScrollDerived/Build/Intermediates.noindex/LocalScroll.build/Debug-iphonesimulator/LocalScrollUITests.build/Objects-normal/arm64/LocalScrollUITests_const_extract_protocols.json (in target 'LocalScrollUITests' from project 'LocalScroll')
    cd /Users/ipanda/Documents/Code/iosproject/LocalScroll_Xcode
    write-file /tmp/LocalScrollDerived/Build/Intermediates.noindex/LocalScroll.build/Debug-iphonesimulator/LocalScrollUITests.build/Objects-normal/arm64/LocalScrollUITests_const_extract_protocols.json

WriteAuxiliaryFile /tmp/LocalScrollDerived/Build/Intermediates.noindex/LocalScroll.build/Debug-iphonesimulator/LocalScrollUITests.build/Objects-normal/arm64/LocalScrollUITests.SwiftFileList (in target 'LocalScrollUITests' from project 'LocalScroll')
    cd /Users/ipanda/Documents/Code/iosproject/LocalScroll_Xcode
    write-file /tmp/LocalScrollDerived/Build/Intermediates.noindex/LocalScroll.build/Debug-iphonesimulator/LocalScrollUITests.build/Objects-normal/arm64/LocalScrollUITests.SwiftFileList

WriteAuxiliaryFile /tmp/LocalScrollDerived/Build/Intermediates.noindex/LocalScroll.build/Debug-iphonesimulator/LocalScrollUITests.build/Objects-normal/arm64/LocalScrollUITests.LinkFileList (in target 'LocalScrollUITests' from project 'LocalScroll')
    cd /Users/ipanda/Documents/Code/iosproject/LocalScroll_Xcode
    write-file /tmp/LocalScrollDerived/Build/Intermediates.noindex/LocalScroll.build/Debug-iphonesimulator/LocalScrollUITests.build/Objects-normal/arm64/LocalScrollUITests.LinkFileList

WriteAuxiliaryFile /tmp/LocalScrollDerived/Build/Intermediates.noindex/LocalScroll.build/Debug-iphonesimulator/LocalScrollUITests.build/Objects-normal/arm64/LocalScrollUITests-OutputFileMap.json (in target 'LocalScrollUITests' from project 'LocalScroll')
    cd /Users/ipanda/Documents/Code/iosproject/LocalScroll_Xcode
    write-file /tmp/LocalScrollDerived/Build/Intermediates.noindex/LocalScroll.build/Debug-iphonesimulator/LocalScrollUITests.build/Objects-normal/arm64/LocalScrollUITests-OutputFileMap.json

WriteAuxiliaryFile /tmp/LocalScrollDerived/Build/Intermediates.noindex/LocalScroll.build/Debug-iphonesimulator/LocalScrollUITests.build/LocalScrollUITests.hmap (in target 'LocalScrollUITests' from project 'LocalScroll')
    cd /Users/ipanda/Documents/Code/iosproject/LocalScroll_Xcode
    write-file /tmp/LocalScrollDerived/Build/Intermediates.noindex/LocalScroll.build/Debug-iphonesimulator/LocalScrollUITests.build/LocalScrollUITests.hmap

WriteAuxiliaryFile /tmp/LocalScrollDerived/Build/Intermediates.noindex/LocalScroll.build/Debug-iphonesimulator/LocalScrollUITests.build/LocalScrollUITests.DependencyStaticMetadataFileList (in target 'LocalScrollUITests' from project 'LocalScroll')
    cd /Users/ipanda/Documents/Code/iosproject/LocalScroll_Xcode
    write-file /tmp/LocalScrollDerived/Build/Intermediates.noindex/LocalScroll.build/Debug-iphonesimulator/LocalScrollUITests.build/LocalScrollUITests.DependencyStaticMetadataFileList

WriteAuxiliaryFile /tmp/LocalScrollDerived/Build/Intermediates.noindex/LocalScroll.build/Debug-iphonesimulator/LocalScrollUITests.build/LocalScrollUITests.DependencyMetadataFileList (in target 'LocalScrollUITests' from project 'LocalScroll')
    cd /Users/ipanda/Documents/Code/iosproject/LocalScroll_Xcode
    write-file /tmp/LocalScrollDerived/Build/Intermediates.noindex/LocalScroll.build/Debug-iphonesimulator/LocalScrollUITests.build/LocalScrollUITests.DependencyMetadataFileList

WriteAuxiliaryFile /tmp/LocalScrollDerived/Build/Intermediates.noindex/LocalScroll.build/Debug-iphonesimulator/LocalScrollUITests.build/LocalScrollUITests-project-headers.hmap (in target 'LocalScrollUITests' from project 'LocalScroll')
    cd /Users/ipanda/Documents/Code/iosproject/LocalScroll_Xcode
    write-file /tmp/LocalScrollDerived/Build/Intermediates.noindex/LocalScroll.build/Debug-iphonesimulator/LocalScrollUITests.build/LocalScrollUITests-project-headers.hmap

WriteAuxiliaryFile /tmp/LocalScrollDerived/Build/Intermediates.noindex/LocalScroll.build/Debug-iphonesimulator/LocalScrollUITests.build/LocalScrollUITests-own-target-headers.hmap (in target 'LocalScrollUITests' from project 'LocalScroll')
    cd /Users/ipanda/Documents/Code/iosproject/LocalScroll_Xcode
    write-file /tmp/LocalScrollDerived/Build/Intermediates.noindex/LocalScroll.build/Debug-iphonesimulator/LocalScrollUITests.build/LocalScrollUITests-own-target-headers.hmap

WriteAuxiliaryFile /tmp/LocalScrollDerived/Build/Intermediates.noindex/LocalScroll.build/Debug-iphonesimulator/LocalScrollUITests.build/LocalScrollUITests-generated-files.hmap (in target 'LocalScrollUITests' from project 'LocalScroll')
    cd /Users/ipanda/Documents/Code/iosproject/LocalScroll_Xcode
    write-file /tmp/LocalScrollDerived/Build/Intermediates.noindex/LocalScroll.build/Debug-iphonesimulator/LocalScrollUITests.build/LocalScrollUITests-generated-files.hmap

WriteAuxiliaryFile /tmp/LocalScrollDerived/Build/Intermediates.noindex/LocalScroll.build/Debug-iphonesimulator/LocalScrollUITests.build/LocalScrollUITests-all-target-headers.hmap (in target 'LocalScrollUITests' from project 'LocalScroll')
    cd /Users/ipanda/Documents/Code/iosproject/LocalScroll_Xcode
    write-file /tmp/LocalScrollDerived/Build/Intermediates.noindex/LocalScroll.build/Debug-iphonesimulator/LocalScrollUITests.build/LocalScrollUITests-all-target-headers.hmap

WriteAuxiliaryFile /tmp/LocalScrollDerived/Build/Intermediates.noindex/LocalScroll.build/Debug-iphonesimulator/LocalScrollUITests.build/LocalScrollUITests-all-non-framework-target-headers.hmap (in target 'LocalScrollUITests' from project 'LocalScroll')
    cd /Users/ipanda/Documents/Code/iosproject/LocalScroll_Xcode
    write-file /tmp/LocalScrollDerived/Build/Intermediates.noindex/LocalScroll.build/Debug-iphonesimulator/LocalScrollUITests.build/LocalScrollUITests-all-non-framework-target-headers.hmap

WriteAuxiliaryFile /tmp/LocalScrollDerived/Build/Intermediates.noindex/LocalScroll.build/Debug-iphonesimulator/LocalScrollTests.build/empty-LocalScrollTests.plist (in target 'LocalScrollTests' from project 'LocalScroll')
    cd /Users/ipanda/Documents/Code/iosproject/LocalScroll_Xcode
    write-file /tmp/LocalScrollDerived/Build/Intermediates.noindex/LocalScroll.build/Debug-iphonesimulator/LocalScrollTests.build/empty-LocalScrollTests.plist

WriteAuxiliaryFile /tmp/LocalScrollDerived/Build/Intermediates.noindex/LocalScroll.build/Debug-iphonesimulator/LocalScrollTests.build/Objects-normal/arm64/LocalScrollTests.SwiftFileList (in target 'LocalScrollTests' from project 'LocalScroll')
    cd /Users/ipanda/Documents/Code/iosproject/LocalScroll_Xcode
    write-file /tmp/LocalScrollDerived/Build/Intermediates.noindex/LocalScroll.build/Debug-iphonesimulator/LocalScrollTests.build/Objects-normal/arm64/LocalScrollTests.SwiftFileList

WriteAuxiliaryFile /tmp/LocalScrollDerived/Build/Intermediates.noindex/LocalScroll.build/Debug-iphonesimulator/LocalScrollTests.build/Objects-normal/arm64/LocalScrollTests.SwiftConstValuesFileList (in target 'LocalScrollTests' from project 'LocalScroll')
    cd /Users/ipanda/Documents/Code/iosproject/LocalScroll_Xcode
    write-file /tmp/LocalScrollDerived/Build/Intermediates.noindex/LocalScroll.build/Debug-iphonesimulator/LocalScrollTests.build/Objects-normal/arm64/LocalScrollTests.SwiftConstValuesFileList

WriteAuxiliaryFile /tmp/LocalScrollDerived/Build/Intermediates.noindex/LocalScroll.build/Debug-iphonesimulator/LocalScrollTests.build/Objects-normal/arm64/LocalScrollTests_const_extract_protocols.json (in target 'LocalScrollTests' from project 'LocalScroll')
    cd /Users/ipanda/Documents/Code/iosproject/LocalScroll_Xcode
    write-file /tmp/LocalScrollDerived/Build/Intermediates.noindex/LocalScroll.build/Debug-iphonesimulator/LocalScrollTests.build/Objects-normal/arm64/LocalScrollTests_const_extract_protocols.json

WriteAuxiliaryFile /tmp/LocalScrollDerived/Build/Intermediates.noindex/LocalScroll.build/Debug-iphonesimulator/LocalScrollTests.build/Objects-normal/arm64/LocalScrollTests.LinkFileList (in target 'LocalScrollTests' from project 'LocalScroll')
    cd /Users/ipanda/Documents/Code/iosproject/LocalScroll_Xcode
    write-file /tmp/LocalScrollDerived/Build/Intermediates.noindex/LocalScroll.build/Debug-iphonesimulator/LocalScrollTests.build/Objects-normal/arm64/LocalScrollTests.LinkFileList

WriteAuxiliaryFile /tmp/LocalScrollDerived/Build/Intermediates.noindex/LocalScroll.build/Debug-iphonesimulator/LocalScrollTests.build/Objects-normal/arm64/LocalScrollTests-OutputFileMap.json (in target 'LocalScrollTests' from project 'LocalScroll')
    cd /Users/ipanda/Documents/Code/iosproject/LocalScroll_Xcode
    write-file /tmp/LocalScrollDerived/Build/Intermediates.noindex/LocalScroll.build/Debug-iphonesimulator/LocalScrollTests.build/Objects-normal/arm64/LocalScrollTests-OutputFileMap.json

WriteAuxiliaryFile /tmp/LocalScrollDerived/Build/Intermediates.noindex/LocalScroll.build/Debug-iphonesimulator/LocalScrollTests.build/LocalScrollTests.hmap (in target 'LocalScrollTests' from project 'LocalScroll')
    cd /Users/ipanda/Documents/Code/iosproject/LocalScroll_Xcode
    write-file /tmp/LocalScrollDerived/Build/Intermediates.noindex/LocalScroll.build/Debug-iphonesimulator/LocalScrollTests.build/LocalScrollTests.hmap

WriteAuxiliaryFile /tmp/LocalScrollDerived/Build/Intermediates.noindex/LocalScroll.build/Debug-iphonesimulator/LocalScrollTests.build/LocalScrollTests.DependencyStaticMetadataFileList (in target 'LocalScrollTests' from project 'LocalScroll')
    cd /Users/ipanda/Documents/Code/iosproject/LocalScroll_Xcode
    write-file /tmp/LocalScrollDerived/Build/Intermediates.noindex/LocalScroll.build/Debug-iphonesimulator/LocalScrollTests.build/LocalScrollTests.DependencyStaticMetadataFileList

WriteAuxiliaryFile /tmp/LocalScrollDerived/Build/Intermediates.noindex/LocalScroll.build/Debug-iphonesimulator/LocalScrollTests.build/LocalScrollTests.DependencyMetadataFileList (in target 'LocalScrollTests' from project 'LocalScroll')
    cd /Users/ipanda/Documents/Code/iosproject/LocalScroll_Xcode
    write-file /tmp/LocalScrollDerived/Build/Intermediates.noindex/LocalScroll.build/Debug-iphonesimulator/LocalScrollTests.build/LocalScrollTests.DependencyMetadataFileList

WriteAuxiliaryFile /tmp/LocalScrollDerived/Build/Intermediates.noindex/LocalScroll.build/Debug-iphonesimulator/LocalScrollTests.build/LocalScrollTests-project-headers.hmap (in target 'LocalScrollTests' from project 'LocalScroll')
    cd /Users/ipanda/Documents/Code/iosproject/LocalScroll_Xcode
    write-file /tmp/LocalScrollDerived/Build/Intermediates.noindex/LocalScroll.build/Debug-iphonesimulator/LocalScrollTests.build/LocalScrollTests-project-headers.hmap

WriteAuxiliaryFile /tmp/LocalScrollDerived/Build/Intermediates.noindex/LocalScroll.build/Debug-iphonesimulator/LocalScrollTests.build/LocalScrollTests-own-target-headers.hmap (in target 'LocalScrollTests' from project 'LocalScroll')
    cd /Users/ipanda/Documents/Code/iosproject/LocalScroll_Xcode
    write-file /tmp/LocalScrollDerived/Build/Intermediates.noindex/LocalScroll.build/Debug-iphonesimulator/LocalScrollTests.build/LocalScrollTests-own-target-headers.hmap

WriteAuxiliaryFile /tmp/LocalScrollDerived/Build/Intermediates.noindex/LocalScroll.build/Debug-iphonesimulator/LocalScrollTests.build/LocalScrollTests-generated-files.hmap (in target 'LocalScrollTests' from project 'LocalScroll')
    cd /Users/ipanda/Documents/Code/iosproject/LocalScroll_Xcode
    write-file /tmp/LocalScrollDerived/Build/Intermediates.noindex/LocalScroll.build/Debug-iphonesimulator/LocalScrollTests.build/LocalScrollTests-generated-files.hmap

WriteAuxiliaryFile /tmp/LocalScrollDerived/Build/Intermediates.noindex/LocalScroll.build/Debug-iphonesimulator/LocalScrollTests.build/LocalScrollTests-all-target-headers.hmap (in target 'LocalScrollTests' from project 'LocalScroll')
    cd /Users/ipanda/Documents/Code/iosproject/LocalScroll_Xcode
    write-file /tmp/LocalScrollDerived/Build/Intermediates.noindex/LocalScroll.build/Debug-iphonesimulator/LocalScrollTests.build/LocalScrollTests-all-target-headers.hmap

WriteAuxiliaryFile /tmp/LocalScrollDerived/Build/Intermediates.noindex/LocalScroll.build/Debug-iphonesimulator/LocalScrollTests.build/LocalScrollTests-all-non-framework-target-headers.hmap (in target 'LocalScrollTests' from project 'LocalScroll')
    cd /Users/ipanda/Documents/Code/iosproject/LocalScroll_Xcode
    write-file /tmp/LocalScrollDerived/Build/Intermediates.noindex/LocalScroll.build/Debug-iphonesimulator/LocalScrollTests.build/LocalScrollTests-all-non-framework-target-headers.hmap

WriteAuxiliaryFile /tmp/LocalScrollDerived/Build/Intermediates.noindex/LocalScrollCore.build/Debug-iphonesimulator/LocalScrollCore.build/Objects-normal/arm64/LocalScrollCore_const_extract_protocols.json (in target 'LocalScrollCore' from project 'LocalScrollCore')
    cd /Users/ipanda/Documents/project/localScroll_iOS
    write-file /tmp/LocalScrollDerived/Build/Intermediates.noindex/LocalScrollCore.build/Debug-iphonesimulator/LocalScrollCore.build/Objects-normal/arm64/LocalScrollCore_const_extract_protocols.json

WriteAuxiliaryFile /tmp/LocalScrollDerived/Build/Intermediates.noindex/LocalScrollCore.build/Debug-iphonesimulator/LocalScrollCore.build/Objects-normal/arm64/LocalScrollCore.SwiftFileList (in target 'LocalScrollCore' from project 'LocalScrollCore')
    cd /Users/ipanda/Documents/project/localScroll_iOS
    write-file /tmp/LocalScrollDerived/Build/Intermediates.noindex/LocalScrollCore.build/Debug-iphonesimulator/LocalScrollCore.build/Objects-normal/arm64/LocalScrollCore.SwiftFileList

WriteAuxiliaryFile /tmp/LocalScrollDerived/Build/Intermediates.noindex/LocalScrollCore.build/Debug-iphonesimulator/LocalScrollCore.build/Objects-normal/arm64/LocalScrollCore.SwiftConstValuesFileList (in target 'LocalScrollCore' from project 'LocalScrollCore')
    cd /Users/ipanda/Documents/project/localScroll_iOS
    write-file /tmp/LocalScrollDerived/Build/Intermediates.noindex/LocalScrollCore.build/Debug-iphonesimulator/LocalScrollCore.build/Objects-normal/arm64/LocalScrollCore.SwiftConstValuesFileList

WriteAuxiliaryFile /tmp/LocalScrollDerived/Build/Intermediates.noindex/LocalScrollCore.build/Debug-iphonesimulator/LocalScrollCore.build/Objects-normal/arm64/LocalScrollCore.LinkFileList (in target 'LocalScrollCore' from project 'LocalScrollCore')
    cd /Users/ipanda/Documents/project/localScroll_iOS
    write-file /tmp/LocalScrollDerived/Build/Intermediates.noindex/LocalScrollCore.build/Debug-iphonesimulator/LocalScrollCore.build/Objects-normal/arm64/LocalScrollCore.LinkFileList

WriteAuxiliaryFile /tmp/LocalScrollDerived/Build/Intermediates.noindex/LocalScrollCore.build/Debug-iphonesimulator/LocalScrollCore.build/Objects-normal/arm64/LocalScrollCore-OutputFileMap.json (in target 'LocalScrollCore' from project 'LocalScrollCore')
    cd /Users/ipanda/Documents/project/localScroll_iOS
    write-file /tmp/LocalScrollDerived/Build/Intermediates.noindex/LocalScrollCore.build/Debug-iphonesimulator/LocalScrollCore.build/Objects-normal/arm64/LocalScrollCore-OutputFileMap.json

WriteAuxiliaryFile /tmp/LocalScrollDerived/Build/Intermediates.noindex/LocalScrollCore.build/Debug-iphonesimulator/LocalScrollCore.build/LocalScrollCore.modulemap (in target 'LocalScrollCore' from project 'LocalScrollCore')
    cd /Users/ipanda/Documents/project/localScroll_iOS
    write-file /tmp/LocalScrollDerived/Build/Intermediates.noindex/LocalScrollCore.build/Debug-iphonesimulator/LocalScrollCore.build/LocalScrollCore.modulemap

WriteAuxiliaryFile /tmp/LocalScrollDerived/Build/Intermediates.noindex/LocalScrollCore.build/Debug-iphonesimulator/LocalScrollCore.build/LocalScrollCore.DependencyStaticMetadataFileList (in target 'LocalScrollCore' from project 'LocalScrollCore')
    cd /Users/ipanda/Documents/project/localScroll_iOS
    write-file /tmp/LocalScrollDerived/Build/Intermediates.noindex/LocalScrollCore.build/Debug-iphonesimulator/LocalScrollCore.build/LocalScrollCore.DependencyStaticMetadataFileList

WriteAuxiliaryFile /tmp/LocalScrollDerived/Build/Intermediates.noindex/LocalScrollCore.build/Debug-iphonesimulator/LocalScrollCore.build/LocalScrollCore.DependencyMetadataFileList (in target 'LocalScrollCore' from project 'LocalScrollCore')
    cd /Users/ipanda/Documents/project/localScroll_iOS
    write-file /tmp/LocalScrollDerived/Build/Intermediates.noindex/LocalScrollCore.build/Debug-iphonesimulator/LocalScrollCore.build/LocalScrollCore.DependencyMetadataFileList

WriteAuxiliaryFile /tmp/LocalScrollDerived/Build/Intermediates.noindex/LocalScroll.build/Debug-iphonesimulator/LocalScroll.build/LocalScroll.DependencyMetadataFileList (in target 'LocalScroll' from project 'LocalScroll')
    cd /Users/ipanda/Documents/Code/iosproject/LocalScroll_Xcode
    write-file /tmp/LocalScrollDerived/Build/Intermediates.noindex/LocalScroll.build/Debug-iphonesimulator/LocalScroll.build/LocalScroll.DependencyMetadataFileList

WriteAuxiliaryFile /tmp/LocalScrollDerived/Build/Intermediates.noindex/LocalScroll.build/Debug-iphonesimulator/LocalScroll.build/LocalScroll-DebugDylibPath-normal-arm64.txt (in target 'LocalScroll' from project 'LocalScroll')
    cd /Users/ipanda/Documents/Code/iosproject/LocalScroll_Xcode
    write-file /tmp/LocalScrollDerived/Build/Intermediates.noindex/LocalScroll.build/Debug-iphonesimulator/LocalScroll.build/LocalScroll-DebugDylibPath-normal-arm64.txt

WriteAuxiliaryFile /tmp/LocalScrollDerived/Build/Intermediates.noindex/LocalScroll.build/Debug-iphonesimulator/LocalScroll.build/LocalScroll-DebugDylibInstallName-normal-arm64.txt (in target 'LocalScroll' from project 'LocalScroll')
    cd /Users/ipanda/Documents/Code/iosproject/LocalScroll_Xcode
    write-file /tmp/LocalScrollDerived/Build/Intermediates.noindex/LocalScroll.build/Debug-iphonesimulator/LocalScroll.build/LocalScroll-DebugDylibInstallName-normal-arm64.txt

MkDir /tmp/LocalScrollDerived/Build/Products/Debug-iphonesimulator/LocalScrollWidget.appex (in target 'LocalScrollWidget' from project 'LocalScroll')
    cd /Users/ipanda/Documents/Code/iosproject/LocalScroll_Xcode
    /bin/mkdir -p /tmp/LocalScrollDerived/Build/Products/Debug-iphonesimulator/LocalScrollWidget.appex

MkDir /tmp/LocalScrollDerived/Build/Products/Debug-iphonesimulator/LocalScrollUITests-Runner.app/PlugIns/LocalScrollUITests.xctest (in target 'LocalScrollUITests' from project 'LocalScroll')
    cd /Users/ipanda/Documents/Code/iosproject/LocalScroll_Xcode
    /bin/mkdir -p /tmp/LocalScrollDerived/Build/Products/Debug-iphonesimulator/LocalScrollUITests-Runner.app/PlugIns/LocalScrollUITests.xctest

MkDir /tmp/LocalScrollDerived/Build/Products/Debug-iphonesimulator/LocalScroll.app/PlugIns/LocalScrollTests.xctest (in target 'LocalScrollTests' from project 'LocalScroll')
    cd /Users/ipanda/Documents/Code/iosproject/LocalScroll_Xcode
    /bin/mkdir -p /tmp/LocalScrollDerived/Build/Products/Debug-iphonesimulator/LocalScroll.app/PlugIns/LocalScrollTests.xctest

MkDir /tmp/LocalScrollDerived/Build/Products/Debug-iphonesimulator/LocalScroll.app/PlugIns (in target 'LocalScroll' from project 'LocalScroll')
    cd /Users/ipanda/Documents/Code/iosproject/LocalScroll_Xcode
    /bin/mkdir -p /tmp/LocalScrollDerived/Build/Products/Debug-iphonesimulator/LocalScroll.app/PlugIns

MkDir /tmp/LocalScrollDerived/Build/Products/Debug-iphonesimulator/LocalScroll.app/Frameworks (in target 'LocalScroll' from project 'LocalScroll')
    cd /Users/ipanda/Documents/Code/iosproject/LocalScroll_Xcode
    /bin/mkdir -p /tmp/LocalScrollDerived/Build/Products/Debug-iphonesimulator/LocalScroll.app/Frameworks

MkDir /tmp/LocalScrollDerived/Build/Products/Debug-iphonesimulator/LocalScroll.app (in target 'LocalScroll' from project 'LocalScroll')
    cd /Users/ipanda/Documents/Code/iosproject/LocalScroll_Xcode
    /bin/mkdir -p /tmp/LocalScrollDerived/Build/Products/Debug-iphonesimulator/LocalScroll.app

Copy /tmp/LocalScrollDerived/Build/Intermediates.noindex/GeneratedModuleMaps-iphonesimulator/LocalScrollCore.modulemap /tmp/LocalScrollDerived/Build/Intermediates.noindex/LocalScrollCore.build/Debug-iphonesimulator/LocalScrollCore.build/LocalScrollCore.modulemap (in target 'LocalScrollCore' from project 'LocalScrollCore')
    cd /Users/ipanda/Documents/project/localScroll_iOS
    builtin-copy -exclude .DS_Store -exclude CVS -exclude .svn -exclude .git -exclude .hg -resolve-src-symlinks /tmp/LocalScrollDerived/Build/Intermediates.noindex/LocalScrollCore.build/Debug-iphonesimulator/LocalScrollCore.build/LocalScrollCore.modulemap /tmp/LocalScrollDerived/Build/Intermediates.noindex/GeneratedModuleMaps-iphonesimulator

ProcessInfoPlistFile /tmp/LocalScrollDerived/Build/Products/Debug-iphonesimulator/LocalScrollWidget.appex/Info.plist /Users/ipanda/Documents/Code/iosproject/LocalScroll_Xcode/LocalScrollWidget-Info.plist (in target 'LocalScrollWidget' from project 'LocalScroll')
    cd /Users/ipanda/Documents/Code/iosproject/LocalScroll_Xcode
    builtin-infoPlistUtility /Users/ipanda/Documents/Code/iosproject/LocalScroll_Xcode/LocalScrollWidget-Info.plist -producttype com.apple.product-type.app-extension -expandbuildsettings -format binary -platform iphonesimulator -o /tmp/LocalScrollDerived/Build/Products/Debug-iphonesimulator/LocalScrollWidget.appex/Info.plist

Ld /tmp/LocalScrollDerived/Build/Products/Debug-iphonesimulator/LocalScrollWidget.appex/__preview.dylib normal (in target 'LocalScrollWidget' from project 'LocalScroll')
    cd /Users/ipanda/Documents/Code/iosproject/LocalScroll_Xcode
    /Applications/Xcode.app/Contents/Developer/Toolchains/XcodeDefault.xctoolchain/usr/bin/clang -Xlinker -reproducible -target arm64-apple-ios18.2-simulator -dynamiclib -isysroot /Applications/Xcode.app/Contents/Developer/Platforms/iPhoneSimulator.platform/Developer/SDKs/iPhoneSimulator26.5.sdk -O0 -L/tmp/LocalScrollDerived/Build/Products/Debug-iphonesimulator -F/tmp/LocalScrollDerived/Build/Products/Debug-iphonesimulator -install_name @rpath/LocalScrollWidget.debug.dylib -Xlinker -dead_strip -rdynamic -Xlinker -no_deduplicate -Xlinker -objc_abi_version -Xlinker 2 -Xlinker -debug_variant -Xlinker -dependency_info -Xlinker /tmp/LocalScrollDerived/Build/Intermediates.noindex/LocalScroll.build/Debug-iphonesimulator/LocalScrollWidget.build/Objects-normal/arm64/LocalScrollWidget_dependency_info.dat -o /tmp/LocalScrollDerived/Build/Products/Debug-iphonesimulator/LocalScrollWidget.appex/__preview.dylib

SwiftDriver LocalScrollWidget normal arm64 com.apple.xcode.tools.swift.compiler (in target 'LocalScrollWidget' from project 'LocalScroll')
    cd /Users/ipanda/Documents/Code/iosproject/LocalScroll_Xcode
    builtin-SwiftDriver -- /Applications/Xcode.app/Contents/Developer/Toolchains/XcodeDefault.xctoolchain/usr/bin/swiftc -module-name LocalScrollWidget -Onone @/tmp/LocalScrollDerived/Build/Intermediates.noindex/LocalScroll.build/Debug-iphonesimulator/LocalScrollWidget.build/Objects-normal/arm64/LocalScrollWidget.SwiftFileList -DDEBUG -enable-bare-slash-regex -enable-experimental-feature DebugDescriptionMacro -sdk /Applications/Xcode.app/Contents/Developer/Platforms/iPhoneSimulator.platform/Developer/SDKs/iPhoneSimulator26.5.sdk -target arm64-apple-ios18.2-simulator -g -module-cache-path /tmp/LocalScrollDerived/ModuleCache.noindex -Xfrontend -serialize-debugging-options -application-extension -profile-coverage-mapping -profile-generate -enable-testing -index-store-path /tmp/LocalScrollDerived/Index.noindex/DataStore -Xcc -D_LIBCPP_HARDENING_MODE\=_LIBCPP_HARDENING_MODE_DEBUG -swift-version 5 -I /tmp/LocalScrollDerived/Build/Products/Debug-iphonesimulator -F /tmp/LocalScrollDerived/Build/Products/Debug-iphonesimulator -emit-localized-strings -emit-localized-strings-path /tmp/LocalScrollDerived/Build/Intermediates.noindex/LocalScroll.build/Debug-iphonesimulator/LocalScrollWidget.build/Objects-normal/arm64 -c -j16 -enable-batch-mode -incremental -Xcc -ivfsstatcache -Xcc /tmp/LocalScrollDerived/SDKStatCaches.noindex/iphonesimulator26.5-23F73-6cfe768891a92b912361537c460fe42b.sdkstatcache -output-file-map /tmp/LocalScrollDerived/Build/Intermediates.noindex/LocalScroll.build/Debug-iphonesimulator/LocalScrollWidget.build/Objects-normal/arm64/LocalScrollWidget-OutputFileMap.json -use-frontend-parseable-output -save-temps -no-color-diagnostics -explicit-module-build -module-cache-path /tmp/LocalScrollDerived/Build/Intermediates.noindex/SwiftExplicitPrecompiledModules -clang-scanner-module-cache-path /tmp/LocalScrollDerived/ModuleCache.noindex -sdk-module-cache-path /tmp/LocalScrollDerived/ModuleCache.noindex -serialize-diagnostics -emit-dependencies -emit-module -emit-module-path /tmp/LocalScrollDerived/Build/Intermediates.noindex/LocalScroll.build/Debug-iphonesimulator/LocalScrollWidget.build/Objects-normal/arm64/LocalScrollWidget.swiftmodule -validate-clang-modules-once -clang-build-session-file /tmp/LocalScrollDerived/ModuleCache.noindex/Session.modulevalidation -Xcc -I/tmp/LocalScrollDerived/Build/Intermediates.noindex/LocalScroll.build/Debug-iphonesimulator/LocalScrollWidget.build/swift-overrides.hmap -emit-const-values -Xfrontend -const-gather-protocols-file -Xfrontend /tmp/LocalScrollDerived/Build/Intermediates.noindex/LocalScroll.build/Debug-iphonesimulator/LocalScrollWidget.build/Objects-normal/arm64/LocalScrollWidget_const_extract_protocols.json -Xcc -iquote -Xcc /tmp/LocalScrollDerived/Build/Intermediates.noindex/LocalScroll.build/Debug-iphonesimulator/LocalScrollWidget.build/LocalScrollWidget-generated-files.hmap -Xcc -I/tmp/LocalScrollDerived/Build/Intermediates.noindex/LocalScroll.build/Debug-iphonesimulator/LocalScrollWidget.build/LocalScrollWidget-own-target-headers.hmap -Xcc -I/tmp/LocalScrollDerived/Build/Intermediates.noindex/LocalScroll.build/Debug-iphonesimulator/LocalScrollWidget.build/LocalScrollWidget-all-non-framework-target-headers.hmap -Xcc -ivfsoverlay -Xcc /tmp/LocalScrollDerived/Build/Intermediates.noindex/LocalScroll.build/Debug-iphonesimulator/LocalScroll-b040b9c999c0951a7823b9397cd8b53e-VFS-iphonesimulator/all-product-headers.yaml -Xcc -iquote -Xcc /tmp/LocalScrollDerived/Build/Intermediates.noindex/LocalScroll.build/Debug-iphonesimulator/LocalScrollWidget.build/LocalScrollWidget-project-headers.hmap -Xcc -I/tmp/LocalScrollDerived/Build/Products/Debug-iphonesimulator/include -Xcc -I/tmp/LocalScrollDerived/Build/Intermediates.noindex/LocalScroll.build/Debug-iphonesimulator/LocalScrollWidget.build/DerivedSources-normal/arm64 -Xcc -I/tmp/LocalScrollDerived/Build/Intermediates.noindex/LocalScroll.build/Debug-iphonesimulator/LocalScrollWidget.build/DerivedSources/arm64 -Xcc -I/tmp/LocalScrollDerived/Build/Intermediates.noindex/LocalScroll.build/Debug-iphonesimulator/LocalScrollWidget.build/DerivedSources -Xcc -DDEBUG\=1 -emit-objc-header -emit-objc-header-path /tmp/LocalScrollDerived/Build/Intermediates.noindex/LocalScroll.build/Debug-iphonesimulator/LocalScrollWidget.build/Objects-normal/arm64/LocalScrollWidget-Swift.h -working-directory /Users/ipanda/Documents/Code/iosproject/LocalScroll_Xcode -experimental-emit-module-separately -disable-cmo

SwiftDriver LocalScrollCore normal arm64 com.apple.xcode.tools.swift.compiler (in target 'LocalScrollCore' from project 'LocalScrollCore')
    cd /Users/ipanda/Documents/Code/iosproject/LocalScroll_Xcode/LocalScroll.xcodeproj
    builtin-SwiftDriver -- /Applications/Xcode.app/Contents/Developer/Toolchains/XcodeDefault.xctoolchain/usr/bin/swiftc -module-name LocalScrollCore -Onone @/tmp/LocalScrollDerived/Build/Intermediates.noindex/LocalScrollCore.build/Debug-iphonesimulator/LocalScrollCore.build/Objects-normal/arm64/LocalScrollCore.SwiftFileList -DSWIFT_PACKAGE -DDEBUG -DSWIFT_MODULE_RESOURCE_BUNDLE_UNAVAILABLE -DXcode -plugin-path /Applications/Xcode.app/Contents/Developer/Toolchains/XcodeDefault.xctoolchain/usr/lib/swift/host/plugins/testing -enable-experimental-feature DebugDescriptionMacro -sdk /Applications/Xcode.app/Contents/Developer/Platforms/iPhoneSimulator.platform/Developer/SDKs/iPhoneSimulator26.5.sdk -target arm64-apple-ios17.0-simulator -g -module-cache-path /tmp/LocalScrollDerived/ModuleCache.noindex -Xfrontend -serialize-debugging-options -profile-coverage-mapping -profile-generate -enable-testing -suppress-warnings -index-store-path /tmp/LocalScrollDerived/Index.noindex/DataStore -Xcc -D_LIBCPP_HARDENING_MODE\=_LIBCPP_HARDENING_MODE_DEBUG -swift-version 6 -I /tmp/LocalScrollDerived/Build/Products/Debug-iphonesimulator -Isystem /Applications/Xcode.app/Contents/Developer/Platforms/iPhoneSimulator.platform/Developer/usr/lib -F /tmp/LocalScrollDerived/Build/Products/Debug-iphonesimulator -F /Applications/Xcode.app/Contents/Developer/Platforms/iPhoneSimulator.platform/Developer/Library/Frameworks -F /Applications/Xcode.app/Contents/Developer/Platforms/iPhoneSimulator.platform/Developer/SDKs/iPhoneSimulator26.5.sdk/Developer/Library/Frameworks -c -j16 -enable-batch-mode -incremental -Xcc -ivfsstatcache -Xcc /tmp/LocalScrollDerived/SDKStatCaches.noindex/iphonesimulator26.5-23F73-6cfe768891a92b912361537c460fe42b.sdkstatcache -output-file-map /tmp/LocalScrollDerived/Build/Intermediates.noindex/LocalScrollCore.build/Debug-iphonesimulator/LocalScrollCore.build/Objects-normal/arm64/LocalScrollCore-OutputFileMap.json -use-frontend-parseable-output -save-temps -no-color-diagnostics -explicit-module-build -module-cache-path /tmp/LocalScrollDerived/Build/Intermediates.noindex/SwiftExplicitPrecompiledModules -clang-scanner-module-cache-path /tmp/LocalScrollDerived/ModuleCache.noindex -sdk-module-cache-path /tmp/LocalScrollDerived/ModuleCache.noindex -serialize-diagnostics -emit-dependencies -emit-module -emit-module-path /tmp/LocalScrollDerived/Build/Intermediates.noindex/LocalScrollCore.build/Debug-iphonesimulator/LocalScrollCore.build/Objects-normal/arm64/LocalScrollCore.swiftmodule -validate-clang-modules-once -clang-build-session-file /tmp/LocalScrollDerived/ModuleCache.noindex/Session.modulevalidation -package-name localscroll_ios -Xcc -I/tmp/LocalScrollDerived/Build/Intermediates.noindex/LocalScrollCore.build/Debug-iphonesimulator/LocalScrollCore.build/swift-overrides.hmap -emit-const-values -Xfrontend -const-gather-protocols-file -Xfrontend /tmp/LocalScrollDerived/Build/Intermediates.noindex/LocalScrollCore.build/Debug-iphonesimulator/LocalScrollCore.build/Objects-normal/arm64/LocalScrollCore_const_extract_protocols.json -Xcc -I/tmp/LocalScrollDerived/Build/Products/Debug-iphonesimulator/include -Xcc -I/tmp/LocalScrollDerived/Build/Intermediates.noindex/LocalScrollCore.build/Debug-iphonesimulator/LocalScrollCore.build/DerivedSources-normal/arm64 -Xcc -I/tmp/LocalScrollDerived/Build/Intermediates.noindex/LocalScrollCore.build/Debug-iphonesimulator/LocalScrollCore.build/DerivedSources/arm64 -Xcc -I/tmp/LocalScrollDerived/Build/Intermediates.noindex/LocalScrollCore.build/Debug-iphonesimulator/LocalScrollCore.build/DerivedSources -Xcc -DSWIFT_PACKAGE -Xcc -DDEBUG\=1 -emit-objc-header -emit-objc-header-path /tmp/LocalScrollDerived/Build/Intermediates.noindex/LocalScrollCore.build/Debug-iphonesimulator/LocalScrollCore.build/Objects-normal/arm64/LocalScrollCore-Swift.h -working-directory /Users/ipanda/Documents/Code/iosproject/LocalScroll_Xcode/LocalScroll.xcodeproj -experimental-emit-module-separately -disable-cmo

SwiftExplicitDependencyGeneratePcm arm64 /tmp/LocalScrollDerived/ModuleCache.noindex/ptrauth-4DXP0NZE7GJFN10LD9HPP5GZ4.pcm

SwiftExplicitDependencyGeneratePcm arm64 /tmp/LocalScrollDerived/ModuleCache.noindex/_Builtin_stdbool-15INFV1IA1U6RO6ODSNN9EKUC.pcm

SwiftExplicitDependencyGeneratePcm arm64 /tmp/LocalScrollDerived/ModuleCache.noindex/SwiftShims-7VLE04TA0K205LLBR4AXW6UD1.pcm

SwiftExplicitDependencyGeneratePcm arm64 /tmp/LocalScrollDerived/ModuleCache.noindex/_SwiftConcurrencyShims-B1UBMZC4CQOQQB7NWZFUIKQSV.pcm

SwiftExplicitDependencyGeneratePcm arm64 /tmp/LocalScrollDerived/ModuleCache.noindex/ptrcheck-5RFRVGBQI6TFU78USP6DWYHC.pcm

SwiftExplicitDependencyGeneratePcm arm64 /tmp/LocalScrollDerived/ModuleCache.noindex/_Builtin_stdarg-2N9C14UAGX6X9KIFKQONQFM0R.pcm

SwiftExplicitDependencyGeneratePcm arm64 /tmp/LocalScrollDerived/ModuleCache.noindex/_Builtin_float-A07IFBDQV266XMZZTUFOCM9PQ.pcm

SwiftExplicitDependencyGeneratePcm arm64 /tmp/LocalScrollDerived/ModuleCache.noindex/_AvailabilityInternal-768ZNH07IIMO6ZTFV9D9A64TR.pcm

SwiftExplicitDependencyGeneratePcm arm64 /tmp/LocalScrollDerived/ModuleCache.noindex/_Builtin_stddef-GKEVF0C10EG1QIFQBCCHBH8N.pcm

SwiftExplicitDependencyGeneratePcm arm64 /tmp/LocalScrollDerived/ModuleCache.noindex/_DarwinFoundation1-DCIVC5KZFM4VF2WFHXMELMMB5.pcm

SwiftExplicitDependencyGeneratePcm arm64 /tmp/LocalScrollDerived/ModuleCache.noindex/_DarwinFoundation2-DNVPOUERPWTQ8EQVR0CCEYM9K.pcm

SwiftExplicitDependencyGeneratePcm arm64 /tmp/LocalScrollDerived/ModuleCache.noindex/_Builtin_limits-8D5OKR9HUIKIBMPQ015O7S6BV.pcm

SwiftExplicitDependencyGeneratePcm arm64 /tmp/LocalScrollDerived/ModuleCache.noindex/_Builtin_stdint-974OTNO2BV3VHDH7FPM58NS1R.pcm

SwiftExplicitDependencyGeneratePcm arm64 /tmp/LocalScrollDerived/ModuleCache.noindex/sys_types-47JW6G7J5TZEHPRZE4XRX7NY8.pcm

SwiftExplicitDependencyGeneratePcm arm64 /tmp/LocalScrollDerived/ModuleCache.noindex/ptrauth-87WP65X2D3JTO4JBW88LDHXTX.pcm

SwiftExplicitDependencyGeneratePcm arm64 /tmp/LocalScrollDerived/ModuleCache.noindex/_Builtin_stdarg-7XHYKJXNWL2UX9534HG1VXE7X.pcm

SwiftExplicitDependencyGeneratePcm arm64 /tmp/LocalScrollDerived/ModuleCache.noindex/_Builtin_stdbool-3WDJJ4OFCL5XBNTPXYMBJXN6F.pcm

SwiftExplicitDependencyGeneratePcm arm64 /tmp/LocalScrollDerived/ModuleCache.noindex/SwiftShims-CGOG39IVIHSX1G63D7KY5VSJI.pcm

SwiftExplicitDependencyGeneratePcm arm64 /tmp/LocalScrollDerived/ModuleCache.noindex/_SwiftConcurrencyShims-BGCU0HED2BYV3MZXCTGNZA79U.pcm

SwiftExplicitDependencyGeneratePcm arm64 /tmp/LocalScrollDerived/ModuleCache.noindex/DeveloperToolsSupport-CJG6WTENB86AIJL9X3KSSQEF7.pcm

SwiftExplicitDependencyGeneratePcm arm64 /tmp/LocalScrollDerived/ModuleCache.noindex/ActivityKit-1U2970YSL9PK4SFCO1AEAFVKH.pcm

SwiftExplicitDependencyGeneratePcm arm64 /tmp/LocalScrollDerived/ModuleCache.noindex/_Builtin_float-2K7IOF792MZ1KO46PB69P2VFT.pcm

SwiftExplicitDependencyGeneratePcm arm64 /tmp/LocalScrollDerived/ModuleCache.noindex/_AvailabilityInternal-CLFSU94G62A2NRU6BGFRQHGRC.pcm

SwiftExplicitDependencyGeneratePcm arm64 /tmp/LocalScrollDerived/ModuleCache.noindex/ptrcheck-81EASACKL9DSEZ6X7SNEEV4P6.pcm

SwiftExplicitDependencyGeneratePcm arm64 /tmp/LocalScrollDerived/ModuleCache.noindex/_Builtin_stddef-417Q8LEG2GQVEW30WTGUSIDZN.pcm

SwiftExplicitDependencyGeneratePcm arm64 /tmp/LocalScrollDerived/ModuleCache.noindex/_DarwinFoundation3-8XCIYI86WUWU8NXBZWOLNJYY7.pcm

SwiftExplicitDependencyGeneratePcm arm64 /tmp/LocalScrollDerived/ModuleCache.noindex/_DarwinFoundation1-AQ8CYSL3FO0B8RLWIVVJV4BUJ.pcm

SwiftExplicitDependencyGeneratePcm arm64 /tmp/LocalScrollDerived/ModuleCache.noindex/_Builtin_inttypes-41ZDVLJMZVR1EQ9YXC3EBI1IX.pcm

SwiftExplicitDependencyGeneratePcm arm64 /tmp/LocalScrollDerived/ModuleCache.noindex/_DarwinFoundation2-AK74HRVE722IW30DQBLMQNP44.pcm

SwiftExplicitDependencyGeneratePcm arm64 /tmp/LocalScrollDerived/ModuleCache.noindex/_Builtin_limits-7XJE91E3KDGA3YKKKKFD3QUJO.pcm

SwiftExplicitDependencyGeneratePcm arm64 /tmp/LocalScrollDerived/ModuleCache.noindex/ExtensionFoundation-DEO72061ANAVD564RSFBAJP73.pcm

SwiftExplicitDependencyGeneratePcm arm64 /tmp/LocalScrollDerived/ModuleCache.noindex/Darwin-4392PJFGFSRNYSLPSVTFNLGW1.pcm

SwiftExplicitDependencyGeneratePcm arm64 /tmp/LocalScrollDerived/ModuleCache.noindex/sys_types-DDOJ5L509GEUBQ821WMLNRFOH.pcm

SwiftExplicitDependencyGeneratePcm arm64 /tmp/LocalScrollDerived/ModuleCache.noindex/_Builtin_tgmath-BI2JDUOKK508BMVOZMUYI3UN4.pcm

SwiftExplicitDependencyGeneratePcm arm64 /tmp/LocalScrollDerived/ModuleCache.noindex/_Builtin_stdint-4DJKGH24SG05J71POUTFZ3VCD.pcm

SwiftExplicitDependencyGeneratePcm arm64 /tmp/LocalScrollDerived/ModuleCache.noindex/_Builtin_stdatomic-1IMJN45OAVGDOJ94P57MNSVR3.pcm

SwiftExplicitDependencyGeneratePcm arm64 /tmp/LocalScrollDerived/ModuleCache.noindex/_Builtin_intrinsics-16EQ7109CLYSXIWYTFY88E6QS.pcm

SwiftExplicitDependencyGeneratePcm arm64 /tmp/LocalScrollDerived/ModuleCache.noindex/_DarwinFoundation3-9VHAPSRSJLY6R4W71XEGGD57M.pcm

SwiftExplicitDependencyGeneratePcm arm64 /tmp/LocalScrollDerived/ModuleCache.noindex/_Builtin_inttypes-EI8BKR0UQYBYEVL6QE4YKS2TJ.pcm

SwiftExplicitDependencyGeneratePcm arm64 /tmp/LocalScrollDerived/ModuleCache.noindex/ObjectiveC-9YEWBR1ZBO6EJLZDM94OH03Y4.pcm

SwiftExplicitDependencyGeneratePcm arm64 /tmp/LocalScrollDerived/ModuleCache.noindex/Darwin-D775ZUL1WDRBV4JB4P4MK5GAD.pcm

SwiftExplicitDependencyGeneratePcm arm64 /tmp/LocalScrollDerived/ModuleCache.noindex/simd-7E7QV8PU11A4PBVIF22CY2EWP.pcm

SwiftExplicitDependencyGeneratePcm arm64 /tmp/LocalScrollDerived/ModuleCache.noindex/os_object-5ZJ5J57H7P281XF88KDJ26JQU.pcm

SwiftExplicitDependencyGeneratePcm arm64 /tmp/LocalScrollDerived/ModuleCache.noindex/os_workgroup-1ZX9I3MK381ORDPC5HUBINTPJ.pcm

SwiftExplicitDependencyGeneratePcm arm64 /tmp/LocalScrollDerived/ModuleCache.noindex/Dispatch-3KT2FTAKPV9U49BUR19KHZ8XT.pcm

SwiftExplicitDependencyGeneratePcm arm64 /tmp/LocalScrollDerived/ModuleCache.noindex/MachO-ABYHFLQ5P7QEBMR8LDQ49B664.pcm

SwiftExplicitDependencyGeneratePcm arm64 /tmp/LocalScrollDerived/ModuleCache.noindex/ObjectiveC-32FLVZRV4SS0W58KUG6IILJDJ.pcm

SwiftExplicitDependencyGeneratePcm arm64 /tmp/LocalScrollDerived/ModuleCache.noindex/XPC-4JI8FPPZ58SKZB8RNWWJV5PP3.pcm

SwiftExplicitDependencyGeneratePcm arm64 /tmp/LocalScrollDerived/ModuleCache.noindex/CoreFoundation-18QRHSN69ORU938I86PCCXI9E.pcm

SwiftExplicitDependencyGeneratePcm arm64 /tmp/LocalScrollDerived/ModuleCache.noindex/os_object-EKL1Q4XJH99SON8DQSC69SSWH.pcm

SwiftExplicitDependencyGeneratePcm arm64 /tmp/LocalScrollDerived/ModuleCache.noindex/Security-9MQKI0CQWH1MGJE49PQ3HRNUX.pcm

SwiftExplicitDependencyGeneratePcm arm64 /tmp/LocalScrollDerived/ModuleCache.noindex/CFNetwork-1SY1P799AD30LPE1ZAJDTTTB4.pcm

SwiftExplicitDependencyGeneratePcm arm64 /tmp/LocalScrollDerived/ModuleCache.noindex/os_workgroup-7TUMLEUW6A8I37K8XIULD8THB.pcm

SwiftExplicitDependencyGeneratePcm arm64 /tmp/LocalScrollDerived/ModuleCache.noindex/Spatial-JTTCJT50AKFTHGRH08TOEQB9.pcm

SwiftExplicitDependencyGeneratePcm arm64 /tmp/LocalScrollDerived/ModuleCache.noindex/Dispatch-9GZQZA3A7B0POJ5FSFIEVGK65.pcm

SwiftExplicitDependencyGeneratePcm arm64 /tmp/LocalScrollDerived/ModuleCache.noindex/Foundation-98YHG1FWM7ELQWQ2XRD0X8NZ3.pcm

SwiftExplicitDependencyGeneratePcm arm64 /tmp/LocalScrollDerived/ModuleCache.noindex/XPC-AC48R8174R6YGCNNH0EAF060F.pcm

SwiftExplicitDependencyGeneratePcm arm64 /tmp/LocalScrollDerived/ModuleCache.noindex/dnssd-A6Q4QD9ZJH012XBS8XQFKLQDP.pcm

SwiftExplicitDependencyGeneratePcm arm64 /tmp/LocalScrollDerived/ModuleCache.noindex/CoreFoundation-E2M6UB4CM2JC9CRQG6IRH8TOR.pcm

SwiftExplicitDependencyGeneratePcm arm64 /tmp/LocalScrollDerived/ModuleCache.noindex/os-DBR8VW5HXXP73RJOLD4SMHUAG.pcm

SwiftExplicitDependencyGeneratePcm arm64 /tmp/LocalScrollDerived/ModuleCache.noindex/Security-DI2BZTWJS9BPK9U5XDBY08A77.pcm

SwiftExplicitDependencyGeneratePcm arm64 /tmp/LocalScrollDerived/ModuleCache.noindex/CFNetwork-DJI66RXWGDMX8W75Y0UCQZXTK.pcm

SwiftExplicitDependencyGeneratePcm arm64 /tmp/LocalScrollDerived/ModuleCache.noindex/CoreGraphics-CIB953UMS6DR1O34B33JXEZL5.pcm

SwiftExplicitDependencyGeneratePcm arm64 /tmp/LocalScrollDerived/ModuleCache.noindex/Foundation-BHXQNYPVGPZW5513NEFPG11WX.pcm

SwiftExplicitDependencyGeneratePcm arm64 /tmp/LocalScrollDerived/ModuleCache.noindex/CoreText-B39AOWW4LR03VWCYV7JAVQUEO.pcm

SwiftExplicitDependencyGeneratePcm arm64 /tmp/LocalScrollDerived/ModuleCache.noindex/ImageIO-63EPZY2AGDFQ27F0HPT9M6YH2.pcm

SwiftEmitModule normal arm64 Emitting\ module\ for\ LocalScrollCore (in target 'LocalScrollCore' from project 'LocalScrollCore')

EmitSwiftModule normal arm64 (in target 'LocalScrollCore' from project 'LocalScrollCore')
    cd /Users/ipanda/Documents/Code/iosproject/LocalScroll_Xcode/LocalScroll.xcodeproj
    

SwiftCompile normal arm64 Compiling\ Incremental.swift /Users/ipanda/Documents/project/localScroll_iOS/Sources/LocalScrollCore/Incremental.swift (in target 'LocalScrollCore' from project 'LocalScrollCore')
SwiftCompile normal arm64 /Users/ipanda/Documents/project/localScroll_iOS/Sources/LocalScrollCore/Incremental.swift (in target 'LocalScrollCore' from project 'LocalScrollCore')
    cd /Users/ipanda/Documents/Code/iosproject/LocalScroll_Xcode/LocalScroll.xcodeproj
    

SwiftCompile normal arm64 Compiling\ Dedup.swift /Users/ipanda/Documents/project/localScroll_iOS/Sources/LocalScrollCore/Dedup.swift (in target 'LocalScrollCore' from project 'LocalScrollCore')

SwiftCompile normal arm64 /Users/ipanda/Documents/project/localScroll_iOS/Sources/LocalScrollCore/Dedup.swift (in target 'LocalScrollCore' from project 'LocalScrollCore')
    cd /Users/ipanda/Documents/Code/iosproject/LocalScroll_Xcode/LocalScroll.xcodeproj
    

SwiftCompile normal arm64 Compiling\ Fuzzy.swift /Users/ipanda/Documents/project/localScroll_iOS/Sources/LocalScrollCore/Fuzzy.swift (in target 'LocalScrollCore' from project 'LocalScrollCore')

SwiftCompile normal arm64 /Users/ipanda/Documents/project/localScroll_iOS/Sources/LocalScrollCore/Fuzzy.swift (in target 'LocalScrollCore' from project 'LocalScrollCore')
    cd /Users/ipanda/Documents/Code/iosproject/LocalScroll_Xcode/LocalScroll.xcodeproj
    

SwiftCompile normal arm64 Compiling\ Scheduler.swift /Users/ipanda/Documents/project/localScroll_iOS/Sources/LocalScrollCore/Scheduler.swift (in target 'LocalScrollCore' from project 'LocalScrollCore')
SwiftCompile normal arm64 /Users/ipanda/Documents/project/localScroll_iOS/Sources/LocalScrollCore/Scheduler.swift (in target 'LocalScrollCore' from project 'LocalScrollCore')
    cd /Users/ipanda/Documents/Code/iosproject/LocalScroll_Xcode/LocalScroll.xcodeproj
    

SwiftCompile normal arm64 Compiling\ Types.swift /Users/ipanda/Documents/project/localScroll_iOS/Sources/LocalScrollCore/Types.swift (in target 'LocalScrollCore' from project 'LocalScrollCore')
SwiftCompile normal arm64 /Users/ipanda/Documents/project/localScroll_iOS/Sources/LocalScrollCore/Types.swift (in target 'LocalScrollCore' from project 'LocalScrollCore')
    cd /Users/ipanda/Documents/Code/iosproject/LocalScroll_Xcode/LocalScroll.xcodeproj
    

SwiftCompile normal arm64 Compiling\ BoundedDeque.swift /Users/ipanda/Documents/project/localScroll_iOS/Sources/LocalScrollCore/BoundedDeque.swift (in target 'LocalScrollCore' from project 'LocalScrollCore')

SwiftCompile normal arm64 /Users/ipanda/Documents/project/localScroll_iOS/Sources/LocalScrollCore/BoundedDeque.swift (in target 'LocalScrollCore' from project 'LocalScrollCore')
    cd /Users/ipanda/Documents/Code/iosproject/LocalScroll_Xcode/LocalScroll.xcodeproj
    

SwiftCompile normal arm64 Compiling\ Stitcher.swift /Users/ipanda/Documents/project/localScroll_iOS/Sources/LocalScrollCore/Stitcher.swift (in target 'LocalScrollCore' from project 'LocalScrollCore')
SwiftCompile normal arm64 /Users/ipanda/Documents/project/localScroll_iOS/Sources/LocalScrollCore/Stitcher.swift (in target 'LocalScrollCore' from project 'LocalScrollCore')
    cd /Users/ipanda/Documents/Code/iosproject/LocalScroll_Xcode/LocalScroll.xcodeproj
    

SwiftDriverJobDiscovery normal arm64 Emitting module for LocalScrollCore (in target 'LocalScrollCore' from project 'LocalScrollCore')

SwiftDriver\ Compilation\ Requirements LocalScrollCore normal arm64 com.apple.xcode.tools.swift.compiler (in target 'LocalScrollCore' from project 'LocalScrollCore')
    cd /Users/ipanda/Documents/Code/iosproject/LocalScroll_Xcode/LocalScroll.xcodeproj
    builtin-Swift-Compilation-Requirements -- /Applications/Xcode.app/Contents/Developer/Toolchains/XcodeDefault.xctoolchain/usr/bin/swiftc -module-name LocalScrollCore -Onone @/tmp/LocalScrollDerived/Build/Intermediates.noindex/LocalScrollCore.build/Debug-iphonesimulator/LocalScrollCore.build/Objects-normal/arm64/LocalScrollCore.SwiftFileList -DSWIFT_PACKAGE -DDEBUG -DSWIFT_MODULE_RESOURCE_BUNDLE_UNAVAILABLE -DXcode -plugin-path /Applications/Xcode.app/Contents/Developer/Toolchains/XcodeDefault.xctoolchain/usr/lib/swift/host/plugins/testing -enable-experimental-feature DebugDescriptionMacro -sdk /Applications/Xcode.app/Contents/Developer/Platforms/iPhoneSimulator.platform/Developer/SDKs/iPhoneSimulator26.5.sdk -target arm64-apple-ios17.0-simulator -g -module-cache-path /tmp/LocalScrollDerived/ModuleCache.noindex -Xfrontend -serialize-debugging-options -profile-coverage-mapping -profile-generate -enable-testing -suppress-warnings -index-store-path /tmp/LocalScrollDerived/Index.noindex/DataStore -Xcc -D_LIBCPP_HARDENING_MODE\=_LIBCPP_HARDENING_MODE_DEBUG -swift-version 6 -I /tmp/LocalScrollDerived/Build/Products/Debug-iphonesimulator -Isystem /Applications/Xcode.app/Contents/Developer/Platforms/iPhoneSimulator.platform/Developer/usr/lib -F /tmp/LocalScrollDerived/Build/Products/Debug-iphonesimulator -F /Applications/Xcode.app/Contents/Developer/Platforms/iPhoneSimulator.platform/Developer/Library/Frameworks -F /Applications/Xcode.app/Contents/Developer/Platforms/iPhoneSimulator.platform/Developer/SDKs/iPhoneSimulator26.5.sdk/Developer/Library/Frameworks -c -j16 -enable-batch-mode -incremental -Xcc -ivfsstatcache -Xcc /tmp/LocalScrollDerived/SDKStatCaches.noindex/iphonesimulator26.5-23F73-6cfe768891a92b912361537c460fe42b.sdkstatcache -output-file-map /tmp/LocalScrollDerived/Build/Intermediates.noindex/LocalScrollCore.build/Debug-iphonesimulator/LocalScrollCore.build/Objects-normal/arm64/LocalScrollCore-OutputFileMap.json -use-frontend-parseable-output -save-temps -no-color-diagnostics -explicit-module-build -module-cache-path /tmp/LocalScrollDerived/Build/Intermediates.noindex/SwiftExplicitPrecompiledModules -clang-scanner-module-cache-path /tmp/LocalScrollDerived/ModuleCache.noindex -sdk-module-cache-path /tmp/LocalScrollDerived/ModuleCache.noindex -serialize-diagnostics -emit-dependencies -emit-module -emit-module-path /tmp/LocalScrollDerived/Build/Intermediates.noindex/LocalScrollCore.build/Debug-iphonesimulator/LocalScrollCore.build/Objects-normal/arm64/LocalScrollCore.swiftmodule -validate-clang-modules-once -clang-build-session-file /tmp/LocalScrollDerived/ModuleCache.noindex/Session.modulevalidation -package-name localscroll_ios -Xcc -I/tmp/LocalScrollDerived/Build/Intermediates.noindex/LocalScrollCore.build/Debug-iphonesimulator/LocalScrollCore.build/swift-overrides.hmap -emit-const-values -Xfrontend -const-gather-protocols-file -Xfrontend /tmp/LocalScrollDerived/Build/Intermediates.noindex/LocalScrollCore.build/Debug-iphonesimulator/LocalScrollCore.build/Objects-normal/arm64/LocalScrollCore_const_extract_protocols.json -Xcc -I/tmp/LocalScrollDerived/Build/Products/Debug-iphonesimulator/include -Xcc -I/tmp/LocalScrollDerived/Build/Intermediates.noindex/LocalScrollCore.build/Debug-iphonesimulator/LocalScrollCore.build/DerivedSources-normal/arm64 -Xcc -I/tmp/LocalScrollDerived/Build/Intermediates.noindex/LocalScrollCore.build/Debug-iphonesimulator/LocalScrollCore.build/DerivedSources/arm64 -Xcc -I/tmp/LocalScrollDerived/Build/Intermediates.noindex/LocalScrollCore.build/Debug-iphonesimulator/LocalScrollCore.build/DerivedSources -Xcc -DSWIFT_PACKAGE -Xcc -DDEBUG\=1 -emit-objc-header -emit-objc-header-path /tmp/LocalScrollDerived/Build/Intermediates.noindex/LocalScrollCore.build/Debug-iphonesimulator/LocalScrollCore.build/Objects-normal/arm64/LocalScrollCore-Swift.h -working-directory /Users/ipanda/Documents/Code/iosproject/LocalScroll_Xcode/LocalScroll.xcodeproj -experimental-emit-module-separately -disable-cmo

SwiftMergeGeneratedHeaders /tmp/LocalScrollDerived/Build/Intermediates.noindex/GeneratedModuleMaps-iphonesimulator/LocalScrollCore-Swift.h /tmp/LocalScrollDerived/Build/Intermediates.noindex/LocalScrollCore.build/Debug-iphonesimulator/LocalScrollCore.build/Objects-normal/arm64/LocalScrollCore-Swift.h (in target 'LocalScrollCore' from project 'LocalScrollCore')
    cd /Users/ipanda/Documents/project/localScroll_iOS
    builtin-swiftHeaderTool -arch arm64 /tmp/LocalScrollDerived/Build/Intermediates.noindex/LocalScrollCore.build/Debug-iphonesimulator/LocalScrollCore.build/Objects-normal/arm64/LocalScrollCore-Swift.h -o /tmp/LocalScrollDerived/Build/Intermediates.noindex/GeneratedModuleMaps-iphonesimulator/LocalScrollCore-Swift.h

Copy /tmp/LocalScrollDerived/Build/Products/Debug-iphonesimulator/LocalScrollCore.swiftmodule/arm64-apple-ios-simulator.abi.json /tmp/LocalScrollDerived/Build/Intermediates.noindex/LocalScrollCore.build/Debug-iphonesimulator/LocalScrollCore.build/Objects-normal/arm64/LocalScrollCore.abi.json (in target 'LocalScrollCore' from project 'LocalScrollCore')
    cd /Users/ipanda/Documents/project/localScroll_iOS
    builtin-copy -exclude .DS_Store -exclude CVS -exclude .svn -exclude .git -exclude .hg -resolve-src-symlinks -rename /tmp/LocalScrollDerived/Build/Intermediates.noindex/LocalScrollCore.build/Debug-iphonesimulator/LocalScrollCore.build/Objects-normal/arm64/LocalScrollCore.abi.json /tmp/LocalScrollDerived/Build/Products/Debug-iphonesimulator/LocalScrollCore.swiftmodule/arm64-apple-ios-simulator.abi.json

Copy /tmp/LocalScrollDerived/Build/Products/Debug-iphonesimulator/LocalScrollCore.swiftmodule/arm64-apple-ios-simulator.swiftmodule /tmp/LocalScrollDerived/Build/Intermediates.noindex/LocalScrollCore.build/Debug-iphonesimulator/LocalScrollCore.build/Objects-normal/arm64/LocalScrollCore.swiftmodule (in target 'LocalScrollCore' from project 'LocalScrollCore')
    cd /Users/ipanda/Documents/project/localScroll_iOS
    builtin-copy -exclude .DS_Store -exclude CVS -exclude .svn -exclude .git -exclude .hg -resolve-src-symlinks -rename /tmp/LocalScrollDerived/Build/Intermediates.noindex/LocalScrollCore.build/Debug-iphonesimulator/LocalScrollCore.build/Objects-normal/arm64/LocalScrollCore.swiftmodule /tmp/LocalScrollDerived/Build/Products/Debug-iphonesimulator/LocalScrollCore.swiftmodule/arm64-apple-ios-simulator.swiftmodule

Copy /tmp/LocalScrollDerived/Build/Products/Debug-iphonesimulator/LocalScrollCore.swiftmodule/arm64-apple-ios-simulator.swiftdoc /tmp/LocalScrollDerived/Build/Intermediates.noindex/LocalScrollCore.build/Debug-iphonesimulator/LocalScrollCore.build/Objects-normal/arm64/LocalScrollCore.swiftdoc (in target 'LocalScrollCore' from project 'LocalScrollCore')
    cd /Users/ipanda/Documents/project/localScroll_iOS
    builtin-copy -exclude .DS_Store -exclude CVS -exclude .svn -exclude .git -exclude .hg -resolve-src-symlinks -rename /tmp/LocalScrollDerived/Build/Intermediates.noindex/LocalScrollCore.build/Debug-iphonesimulator/LocalScrollCore.build/Objects-normal/arm64/LocalScrollCore.swiftdoc /tmp/LocalScrollDerived/Build/Products/Debug-iphonesimulator/LocalScrollCore.swiftmodule/arm64-apple-ios-simulator.swiftdoc

Copy /tmp/LocalScrollDerived/Build/Products/Debug-iphonesimulator/LocalScrollCore.swiftmodule/Project/arm64-apple-ios-simulator.swiftsourceinfo /tmp/LocalScrollDerived/Build/Intermediates.noindex/LocalScrollCore.build/Debug-iphonesimulator/LocalScrollCore.build/Objects-normal/arm64/LocalScrollCore.swiftsourceinfo (in target 'LocalScrollCore' from project 'LocalScrollCore')
    cd /Users/ipanda/Documents/project/localScroll_iOS
    builtin-copy -exclude .DS_Store -exclude CVS -exclude .svn -exclude .git -exclude .hg -resolve-src-symlinks -rename /tmp/LocalScrollDerived/Build/Intermediates.noindex/LocalScrollCore.build/Debug-iphonesimulator/LocalScrollCore.build/Objects-normal/arm64/LocalScrollCore.swiftsourceinfo /tmp/LocalScrollDerived/Build/Products/Debug-iphonesimulator/LocalScrollCore.swiftmodule/Project/arm64-apple-ios-simulator.swiftsourceinfo

SwiftExplicitDependencyGeneratePcm arm64 /tmp/LocalScrollDerived/ModuleCache.noindex/DataDetection-A09AAXG3W1YG31GWU2KGLHU1O.pcm

SwiftExplicitDependencyGeneratePcm arm64 /tmp/LocalScrollDerived/ModuleCache.noindex/IOSurface-AYVQ934ZXYETWA50OW6SKBZ5N.pcm

SwiftExplicitDependencyGeneratePcm arm64 /tmp/LocalScrollDerived/ModuleCache.noindex/Accessibility-2MC67QXWS16WJNU084Y3F6CC2.pcm

SwiftExplicitDependencyGeneratePcm arm64 /tmp/LocalScrollDerived/ModuleCache.noindex/Network-75RZBYWY3I129VV7MDXHX0XL1.pcm

SwiftExplicitDependencyGeneratePcm arm64 /tmp/LocalScrollDerived/ModuleCache.noindex/FileProvider-4NHMMIYNVIIWP82S32HL13B2N.pcm

SwiftExplicitDependencyGeneratePcm arm64 /tmp/LocalScrollDerived/ModuleCache.noindex/RelevanceKit-DKKS0PKL5QVI8UM0CSD90B6O4.pcm

SwiftExplicitDependencyGeneratePcm arm64 /tmp/LocalScrollDerived/ModuleCache.noindex/OpenGLES-E82KP7B34EFDL212H8JZVN27J.pcm

SwiftExplicitDependencyGeneratePcm arm64 /tmp/LocalScrollDerived/ModuleCache.noindex/WidgetKit-231OZ741Z92D7B6YCDXZ5BXXB.pcm

SwiftExplicitDependencyGeneratePcm arm64 /tmp/LocalScrollDerived/ModuleCache.noindex/Symbols-YKYIY7053XAP1AM7NQWNNBZL.pcm

SwiftExplicitDependencyGeneratePcm arm64 /tmp/LocalScrollDerived/ModuleCache.noindex/UniformTypeIdentifiers-BVVQ1MSY0ACEP2BI5IMQDZWFB.pcm

SwiftExplicitDependencyGeneratePcm arm64 /tmp/LocalScrollDerived/ModuleCache.noindex/CoreData-35EF1F5MTRXANEOX5C94TPFSA.pcm

SwiftExplicitDependencyGeneratePcm arm64 /tmp/LocalScrollDerived/ModuleCache.noindex/UserNotifications-LSLN9WYSUKQFRORT92C0JG32.pcm

SwiftExplicitDependencyGeneratePcm arm64 /tmp/LocalScrollDerived/ModuleCache.noindex/CoreTransferable-BJJA0VBJLWO9VMY8GKA9DFSCH.pcm

SwiftExplicitDependencyGeneratePcm arm64 /tmp/LocalScrollDerived/ModuleCache.noindex/UIUtilities-8X9YCCY77624V5LHLVQ4PIWBI.pcm

SwiftExplicitDependencyGeneratePcm arm64 /tmp/LocalScrollDerived/ModuleCache.noindex/Metal-22QC3YSUDW5TPM26BZEK4QSU.pcm

SwiftExplicitDependencyGeneratePcm arm64 /tmp/LocalScrollDerived/ModuleCache.noindex/AppIntents-2DGZTVDCDQPD64W6CFY73ZJA1.pcm

SwiftExplicitDependencyGeneratePcm arm64 /tmp/LocalScrollDerived/ModuleCache.noindex/_LocationEssentials-BUVYJA9LCN2ELS1QGVHEIO8RN.pcm

SwiftExplicitDependencyGeneratePcm arm64 /tmp/LocalScrollDerived/ModuleCache.noindex/OSLog-EOB5XK3N1FET4GWOJSQV4JFBG.pcm

SwiftDriverJobDiscovery normal arm64 Compiling Dedup.swift (in target 'LocalScrollCore' from project 'LocalScrollCore')

SwiftDriverJobDiscovery normal arm64 Compiling BoundedDeque.swift (in target 'LocalScrollCore' from project 'LocalScrollCore')

SwiftExplicitDependencyGeneratePcm arm64 /tmp/LocalScrollDerived/ModuleCache.noindex/CoreSpotlight-EMOOB9M0MHKLIIHN4KHPVRA7V.pcm

SwiftExplicitDependencyGeneratePcm arm64 /tmp/LocalScrollDerived/ModuleCache.noindex/CoreLocation-4E8RPTW6M4FBS0RST7I61PUCD.pcm

SwiftExplicitDependencyGeneratePcm arm64 /tmp/LocalScrollDerived/ModuleCache.noindex/Intents-ENZZFGTVZHE6M2EBOZ7UJHT0U.pcm

SwiftExplicitDependencyGeneratePcm arm64 /tmp/LocalScrollDerived/ModuleCache.noindex/CoreVideo-DR8ANTMAT7FEEVWG45NLPF1MB.pcm

SwiftExplicitDependencyGeneratePcm arm64 /tmp/LocalScrollDerived/ModuleCache.noindex/CoreImage-AUBZEGPPOYY4XBH2101584GXI.pcm

SwiftExplicitDependencyGeneratePcm arm64 /tmp/LocalScrollDerived/ModuleCache.noindex/QuartzCore-E0FPVZJMRXC085VQXG0PCOKOX.pcm

SwiftExplicitDependencyGeneratePcm arm64 /tmp/LocalScrollDerived/ModuleCache.noindex/SwiftUICore-9SUKJPEWQG46NG2YDTG8DEIL8.pcm

SwiftExplicitDependencyGeneratePcm arm64 /tmp/LocalScrollDerived/ModuleCache.noindex/UIKit-39C35XKGXJNGQ3HZ3EH90LU3V.pcm

SwiftExplicitDependencyGeneratePcm arm64 /tmp/LocalScrollDerived/ModuleCache.noindex/SwiftUI-4MYMCPLG7ADZ4NESTBA5IBAAY.pcm

SwiftEmitModule normal arm64 Emitting\ module\ for\ LocalScrollWidget (in target 'LocalScrollWidget' from project 'LocalScroll')

EmitSwiftModule normal arm64 (in target 'LocalScrollWidget' from project 'LocalScroll')
    cd /Users/ipanda/Documents/Code/iosproject/LocalScroll_Xcode
    

SwiftCompile normal arm64 Compiling\ ProcessingLiveActivityWidget.swift /Users/ipanda/Documents/Code/iosproject/LocalScroll_Xcode/LocalScrollWidget/ProcessingLiveActivityWidget.swift (in target 'LocalScrollWidget' from project 'LocalScroll')
SwiftCompile normal arm64 /Users/ipanda/Documents/Code/iosproject/LocalScroll_Xcode/LocalScrollWidget/ProcessingLiveActivityWidget.swift (in target 'LocalScrollWidget' from project 'LocalScroll')
    cd /Users/ipanda/Documents/Code/iosproject/LocalScroll_Xcode
    

SwiftCompile normal arm64 Compiling\ LocalScrollWidgetBundle.swift /Users/ipanda/Documents/Code/iosproject/LocalScroll_Xcode/LocalScrollWidget/LocalScrollWidgetBundle.swift (in target 'LocalScrollWidget' from project 'LocalScroll')

SwiftCompile normal arm64 /Users/ipanda/Documents/Code/iosproject/LocalScroll_Xcode/LocalScrollWidget/LocalScrollWidgetBundle.swift (in target 'LocalScrollWidget' from project 'LocalScroll')
    cd /Users/ipanda/Documents/Code/iosproject/LocalScroll_Xcode
    

SwiftCompile normal arm64 Compiling\ ProcessingActivityAttributes.swift /Users/ipanda/Documents/Code/iosproject/LocalScroll_Xcode/LocalScrollWidget/ProcessingActivityAttributes.swift (in target 'LocalScrollWidget' from project 'LocalScroll')

SwiftCompile normal arm64 /Users/ipanda/Documents/Code/iosproject/LocalScroll_Xcode/LocalScrollWidget/ProcessingActivityAttributes.swift (in target 'LocalScrollWidget' from project 'LocalScroll')
    cd /Users/ipanda/Documents/Code/iosproject/LocalScroll_Xcode
    

SwiftDriverJobDiscovery normal arm64 Compiling Fuzzy.swift (in target 'LocalScrollCore' from project 'LocalScrollCore')

SwiftDriverJobDiscovery normal arm64 Compiling Incremental.swift (in target 'LocalScrollCore' from project 'LocalScrollCore')

SwiftDriverJobDiscovery normal arm64 Compiling Types.swift (in target 'LocalScrollCore' from project 'LocalScrollCore')

SwiftDriverJobDiscovery normal arm64 Compiling Scheduler.swift (in target 'LocalScrollCore' from project 'LocalScrollCore')

SwiftDriverJobDiscovery normal arm64 Compiling Stitcher.swift (in target 'LocalScrollCore' from project 'LocalScrollCore')

SwiftDriver\ Compilation LocalScrollCore normal arm64 com.apple.xcode.tools.swift.compiler (in target 'LocalScrollCore' from project 'LocalScrollCore')
    cd /Users/ipanda/Documents/Code/iosproject/LocalScroll_Xcode/LocalScroll.xcodeproj
    builtin-Swift-Compilation -- /Applications/Xcode.app/Contents/Developer/Toolchains/XcodeDefault.xctoolchain/usr/bin/swiftc -module-name LocalScrollCore -Onone @/tmp/LocalScrollDerived/Build/Intermediates.noindex/LocalScrollCore.build/Debug-iphonesimulator/LocalScrollCore.build/Objects-normal/arm64/LocalScrollCore.SwiftFileList -DSWIFT_PACKAGE -DDEBUG -DSWIFT_MODULE_RESOURCE_BUNDLE_UNAVAILABLE -DXcode -plugin-path /Applications/Xcode.app/Contents/Developer/Toolchains/XcodeDefault.xctoolchain/usr/lib/swift/host/plugins/testing -enable-experimental-feature DebugDescriptionMacro -sdk /Applications/Xcode.app/Contents/Developer/Platforms/iPhoneSimulator.platform/Developer/SDKs/iPhoneSimulator26.5.sdk -target arm64-apple-ios17.0-simulator -g -module-cache-path /tmp/LocalScrollDerived/ModuleCache.noindex -Xfrontend -serialize-debugging-options -profile-coverage-mapping -profile-generate -enable-testing -suppress-warnings -index-store-path /tmp/LocalScrollDerived/Index.noindex/DataStore -Xcc -D_LIBCPP_HARDENING_MODE\=_LIBCPP_HARDENING_MODE_DEBUG -swift-version 6 -I /tmp/LocalScrollDerived/Build/Products/Debug-iphonesimulator -Isystem /Applications/Xcode.app/Contents/Developer/Platforms/iPhoneSimulator.platform/Developer/usr/lib -F /tmp/LocalScrollDerived/Build/Products/Debug-iphonesimulator -F /Applications/Xcode.app/Contents/Developer/Platforms/iPhoneSimulator.platform/Developer/Library/Frameworks -F /Applications/Xcode.app/Contents/Developer/Platforms/iPhoneSimulator.platform/Developer/SDKs/iPhoneSimulator26.5.sdk/Developer/Library/Frameworks -c -j16 -enable-batch-mode -incremental -Xcc -ivfsstatcache -Xcc /tmp/LocalScrollDerived/SDKStatCaches.noindex/iphonesimulator26.5-23F73-6cfe768891a92b912361537c460fe42b.sdkstatcache -output-file-map /tmp/LocalScrollDerived/Build/Intermediates.noindex/LocalScrollCore.build/Debug-iphonesimulator/LocalScrollCore.build/Objects-normal/arm64/LocalScrollCore-OutputFileMap.json -use-frontend-parseable-output -save-temps -no-color-diagnostics -explicit-module-build -module-cache-path /tmp/LocalScrollDerived/Build/Intermediates.noindex/SwiftExplicitPrecompiledModules -clang-scanner-module-cache-path /tmp/LocalScrollDerived/ModuleCache.noindex -sdk-module-cache-path /tmp/LocalScrollDerived/ModuleCache.noindex -serialize-diagnostics -emit-dependencies -emit-module -emit-module-path /tmp/LocalScrollDerived/Build/Intermediates.noindex/LocalScrollCore.build/Debug-iphonesimulator/LocalScrollCore.build/Objects-normal/arm64/LocalScrollCore.swiftmodule -validate-clang-modules-once -clang-build-session-file /tmp/LocalScrollDerived/ModuleCache.noindex/Session.modulevalidation -package-name localscroll_ios -Xcc -I/tmp/LocalScrollDerived/Build/Intermediates.noindex/LocalScrollCore.build/Debug-iphonesimulator/LocalScrollCore.build/swift-overrides.hmap -emit-const-values -Xfrontend -const-gather-protocols-file -Xfrontend /tmp/LocalScrollDerived/Build/Intermediates.noindex/LocalScrollCore.build/Debug-iphonesimulator/LocalScrollCore.build/Objects-normal/arm64/LocalScrollCore_const_extract_protocols.json -Xcc -I/tmp/LocalScrollDerived/Build/Products/Debug-iphonesimulator/include -Xcc -I/tmp/LocalScrollDerived/Build/Intermediates.noindex/LocalScrollCore.build/Debug-iphonesimulator/LocalScrollCore.build/DerivedSources-normal/arm64 -Xcc -I/tmp/LocalScrollDerived/Build/Intermediates.noindex/LocalScrollCore.build/Debug-iphonesimulator/LocalScrollCore.build/DerivedSources/arm64 -Xcc -I/tmp/LocalScrollDerived/Build/Intermediates.noindex/LocalScrollCore.build/Debug-iphonesimulator/LocalScrollCore.build/DerivedSources -Xcc -DSWIFT_PACKAGE -Xcc -DDEBUG\=1 -emit-objc-header -emit-objc-header-path /tmp/LocalScrollDerived/Build/Intermediates.noindex/LocalScrollCore.build/Debug-iphonesimulator/LocalScrollCore.build/Objects-normal/arm64/LocalScrollCore-Swift.h -working-directory /Users/ipanda/Documents/Code/iosproject/LocalScroll_Xcode/LocalScroll.xcodeproj -experimental-emit-module-separately -disable-cmo

Ld /tmp/LocalScrollDerived/Build/Products/Debug-iphonesimulator/LocalScrollCore.o normal (in target 'LocalScrollCore' from project 'LocalScrollCore')
    cd /Users/ipanda/Documents/project/localScroll_iOS
    /Applications/Xcode.app/Contents/Developer/Toolchains/XcodeDefault.xctoolchain/usr/bin/clang -Xlinker -reproducible -target arm64-apple-ios17.0-simulator -r -isysroot /Applications/Xcode.app/Contents/Developer/Platforms/iPhoneSimulator.platform/Developer/SDKs/iPhoneSimulator26.5.sdk -O0 -w -F/tmp/LocalScrollDerived/Build/Intermediates.noindex/EagerLinkingTBDs/Debug-iphonesimulator -F/tmp/LocalScrollDerived/Build/Products/Debug-iphonesimulator -iframework /Applications/Xcode.app/Contents/Developer/Platforms/iPhoneSimulator.platform/Developer/Library/Frameworks -iframework /Applications/Xcode.app/Contents/Developer/Platforms/iPhoneSimulator.platform/Developer/SDKs/iPhoneSimulator26.5.sdk/Developer/Library/Frameworks -filelist /tmp/LocalScrollDerived/Build/Intermediates.noindex/LocalScrollCore.build/Debug-iphonesimulator/LocalScrollCore.build/Objects-normal/arm64/LocalScrollCore.LinkFileList -nostdlib -Xlinker -object_path_lto -Xlinker /tmp/LocalScrollDerived/Build/Intermediates.noindex/LocalScrollCore.build/Debug-iphonesimulator/LocalScrollCore.build/Objects-normal/arm64/LocalScrollCore_lto.o -Xlinker -no_deduplicate -Xlinker -objc_abi_version -Xlinker 2 -Xlinker -debug_variant -Xlinker -dependency_info -Xlinker /tmp/LocalScrollDerived/Build/Intermediates.noindex/LocalScrollCore.build/Debug-iphonesimulator/LocalScrollCore.build/Objects-normal/arm64/LocalScrollCore_dependency_info.dat -fobjc-link-runtime -L/Applications/Xcode.app/Contents/Developer/Toolchains/XcodeDefault.xctoolchain/usr/lib/swift/iphonesimulator -L/usr/lib/swift -Xlinker -add_ast_path -Xlinker /tmp/LocalScrollDerived/Build/Intermediates.noindex/LocalScrollCore.build/Debug-iphonesimulator/LocalScrollCore.build/Objects-normal/arm64/LocalScrollCore.swiftmodule @/tmp/LocalScrollDerived/Build/Intermediates.noindex/LocalScrollCore.build/Debug-iphonesimulator/LocalScrollCore.build/Objects-normal/arm64/LocalScrollCore-linker-args.resp -o /tmp/LocalScrollDerived/Build/Products/Debug-iphonesimulator/LocalScrollCore.o

ExtractAppIntentsMetadata (in target 'LocalScrollCore' from project 'LocalScrollCore')
    cd /Users/ipanda/Documents/project/localScroll_iOS
    /Applications/Xcode.app/Contents/Developer/Toolchains/XcodeDefault.xctoolchain/usr/bin/appintentsmetadataprocessor --toolchain-dir /Applications/Xcode.app/Contents/Developer/Toolchains/XcodeDefault.xctoolchain --module-name LocalScrollCore --sdk-root /Applications/Xcode.app/Contents/Developer/Platforms/iPhoneSimulator.platform/Developer/SDKs/iPhoneSimulator26.5.sdk --xcode-version 17F42 --platform-family iOS --deployment-target 17.0 --bundle-identifier localscroll-ios.LocalScrollCore --output /tmp/LocalScrollDerived/Build/Products/Debug-iphonesimulator/LocalScrollCore.appintents --target-triple arm64-apple-ios17.0-simulator --binary-file /tmp/LocalScrollDerived/Build/Products/Debug-iphonesimulator/LocalScrollCore.o --dependency-file /tmp/LocalScrollDerived/Build/Intermediates.noindex/LocalScrollCore.build/Debug-iphonesimulator/LocalScrollCore.build/Objects-normal/arm64/LocalScrollCore_dependency_info.dat --stringsdata-file /tmp/LocalScrollDerived/Build/Intermediates.noindex/LocalScrollCore.build/Debug-iphonesimulator/LocalScrollCore.build/Objects-normal/arm64/ExtractedAppShortcutsMetadata.stringsdata --source-file-list /tmp/LocalScrollDerived/Build/Intermediates.noindex/LocalScrollCore.build/Debug-iphonesimulator/LocalScrollCore.build/Objects-normal/arm64/LocalScrollCore.SwiftFileList --metadata-file-list /tmp/LocalScrollDerived/Build/Intermediates.noindex/LocalScrollCore.build/Debug-iphonesimulator/LocalScrollCore.build/LocalScrollCore.DependencyMetadataFileList --static-metadata-file-list /tmp/LocalScrollDerived/Build/Intermediates.noindex/LocalScrollCore.build/Debug-iphonesimulator/LocalScrollCore.build/LocalScrollCore.DependencyStaticMetadataFileList --swift-const-vals-list /tmp/LocalScrollDerived/Build/Intermediates.noindex/LocalScrollCore.build/Debug-iphonesimulator/LocalScrollCore.build/Objects-normal/arm64/LocalScrollCore.SwiftConstValuesFileList --force --compile-time-extraction --deployment-aware-processing --validate-assistant-intents --no-app-shortcuts-localization
2026-06-05 15:45:12.358 appintentsmetadataprocessor[24029:719588] Starting appintentsmetadataprocessor export
2026-06-05 15:45:12.367 appintentsmetadataprocessor[24029:719588] Extracted no relevant App Intents symbols, skipping writing output

RegisterExecutionPolicyException /tmp/LocalScrollDerived/Build/Products/Debug-iphonesimulator/LocalScrollCore.o (in target 'LocalScrollCore' from project 'LocalScrollCore')
    cd /Users/ipanda/Documents/project/localScroll_iOS
    builtin-RegisterExecutionPolicyException /tmp/LocalScrollDerived/Build/Products/Debug-iphonesimulator/LocalScrollCore.o

SwiftDriverJobDiscovery normal arm64 Emitting module for LocalScrollWidget (in target 'LocalScrollWidget' from project 'LocalScroll')

SwiftDriver\ Compilation\ Requirements LocalScrollWidget normal arm64 com.apple.xcode.tools.swift.compiler (in target 'LocalScrollWidget' from project 'LocalScroll')
    cd /Users/ipanda/Documents/Code/iosproject/LocalScroll_Xcode
    builtin-Swift-Compilation-Requirements -- /Applications/Xcode.app/Contents/Developer/Toolchains/XcodeDefault.xctoolchain/usr/bin/swiftc -module-name LocalScrollWidget -Onone @/tmp/LocalScrollDerived/Build/Intermediates.noindex/LocalScroll.build/Debug-iphonesimulator/LocalScrollWidget.build/Objects-normal/arm64/LocalScrollWidget.SwiftFileList -DDEBUG -enable-bare-slash-regex -enable-experimental-feature DebugDescriptionMacro -sdk /Applications/Xcode.app/Contents/Developer/Platforms/iPhoneSimulator.platform/Developer/SDKs/iPhoneSimulator26.5.sdk -target arm64-apple-ios18.2-simulator -g -module-cache-path /tmp/LocalScrollDerived/ModuleCache.noindex -Xfrontend -serialize-debugging-options -application-extension -profile-coverage-mapping -profile-generate -enable-testing -index-store-path /tmp/LocalScrollDerived/Index.noindex/DataStore -Xcc -D_LIBCPP_HARDENING_MODE\=_LIBCPP_HARDENING_MODE_DEBUG -swift-version 5 -I /tmp/LocalScrollDerived/Build/Products/Debug-iphonesimulator -F /tmp/LocalScrollDerived/Build/Products/Debug-iphonesimulator -emit-localized-strings -emit-localized-strings-path /tmp/LocalScrollDerived/Build/Intermediates.noindex/LocalScroll.build/Debug-iphonesimulator/LocalScrollWidget.build/Objects-normal/arm64 -c -j16 -enable-batch-mode -incremental -Xcc -ivfsstatcache -Xcc /tmp/LocalScrollDerived/SDKStatCaches.noindex/iphonesimulator26.5-23F73-6cfe768891a92b912361537c460fe42b.sdkstatcache -output-file-map /tmp/LocalScrollDerived/Build/Intermediates.noindex/LocalScroll.build/Debug-iphonesimulator/LocalScrollWidget.build/Objects-normal/arm64/LocalScrollWidget-OutputFileMap.json -use-frontend-parseable-output -save-temps -no-color-diagnostics -explicit-module-build -module-cache-path /tmp/LocalScrollDerived/Build/Intermediates.noindex/SwiftExplicitPrecompiledModules -clang-scanner-module-cache-path /tmp/LocalScrollDerived/ModuleCache.noindex -sdk-module-cache-path /tmp/LocalScrollDerived/ModuleCache.noindex -serialize-diagnostics -emit-dependencies -emit-module -emit-module-path /tmp/LocalScrollDerived/Build/Intermediates.noindex/LocalScroll.build/Debug-iphonesimulator/LocalScrollWidget.build/Objects-normal/arm64/LocalScrollWidget.swiftmodule -validate-clang-modules-once -clang-build-session-file /tmp/LocalScrollDerived/ModuleCache.noindex/Session.modulevalidation -Xcc -I/tmp/LocalScrollDerived/Build/Intermediates.noindex/LocalScroll.build/Debug-iphonesimulator/LocalScrollWidget.build/swift-overrides.hmap -emit-const-values -Xfrontend -const-gather-protocols-file -Xfrontend /tmp/LocalScrollDerived/Build/Intermediates.noindex/LocalScroll.build/Debug-iphonesimulator/LocalScrollWidget.build/Objects-normal/arm64/LocalScrollWidget_const_extract_protocols.json -Xcc -iquote -Xcc /tmp/LocalScrollDerived/Build/Intermediates.noindex/LocalScroll.build/Debug-iphonesimulator/LocalScrollWidget.build/LocalScrollWidget-generated-files.hmap -Xcc -I/tmp/LocalScrollDerived/Build/Intermediates.noindex/LocalScroll.build/Debug-iphonesimulator/LocalScrollWidget.build/LocalScrollWidget-own-target-headers.hmap -Xcc -I/tmp/LocalScrollDerived/Build/Intermediates.noindex/LocalScroll.build/Debug-iphonesimulator/LocalScrollWidget.build/LocalScrollWidget-all-non-framework-target-headers.hmap -Xcc -ivfsoverlay -Xcc /tmp/LocalScrollDerived/Build/Intermediates.noindex/LocalScroll.build/Debug-iphonesimulator/LocalScroll-b040b9c999c0951a7823b9397cd8b53e-VFS-iphonesimulator/all-product-headers.yaml -Xcc -iquote -Xcc /tmp/LocalScrollDerived/Build/Intermediates.noindex/LocalScroll.build/Debug-iphonesimulator/LocalScrollWidget.build/LocalScrollWidget-project-headers.hmap -Xcc -I/tmp/LocalScrollDerived/Build/Products/Debug-iphonesimulator/include -Xcc -I/tmp/LocalScrollDerived/Build/Intermediates.noindex/LocalScroll.build/Debug-iphonesimulator/LocalScrollWidget.build/DerivedSources-normal/arm64 -Xcc -I/tmp/LocalScrollDerived/Build/Intermediates.noindex/LocalScroll.build/Debug-iphonesimulator/LocalScrollWidget.build/DerivedSources/arm64 -Xcc -I/tmp/LocalScrollDerived/Build/Intermediates.noindex/LocalScroll.build/Debug-iphonesimulator/LocalScrollWidget.build/DerivedSources -Xcc -DDEBUG\=1 -emit-objc-header -emit-objc-header-path /tmp/LocalScrollDerived/Build/Intermediates.noindex/LocalScroll.build/Debug-iphonesimulator/LocalScrollWidget.build/Objects-normal/arm64/LocalScrollWidget-Swift.h -working-directory /Users/ipanda/Documents/Code/iosproject/LocalScroll_Xcode -experimental-emit-module-separately -disable-cmo

SwiftMergeGeneratedHeaders /tmp/LocalScrollDerived/Build/Intermediates.noindex/LocalScroll.build/Debug-iphonesimulator/LocalScrollWidget.build/DerivedSources/LocalScrollWidget-Swift.h /tmp/LocalScrollDerived/Build/Intermediates.noindex/LocalScroll.build/Debug-iphonesimulator/LocalScrollWidget.build/Objects-normal/arm64/LocalScrollWidget-Swift.h (in target 'LocalScrollWidget' from project 'LocalScroll')
    cd /Users/ipanda/Documents/Code/iosproject/LocalScroll_Xcode
    builtin-swiftHeaderTool -arch arm64 /tmp/LocalScrollDerived/Build/Intermediates.noindex/LocalScroll.build/Debug-iphonesimulator/LocalScrollWidget.build/Objects-normal/arm64/LocalScrollWidget-Swift.h -o /tmp/LocalScrollDerived/Build/Intermediates.noindex/LocalScroll.build/Debug-iphonesimulator/LocalScrollWidget.build/DerivedSources/LocalScrollWidget-Swift.h

Copy /tmp/LocalScrollDerived/Build/Products/Debug-iphonesimulator/LocalScrollWidget.swiftmodule/arm64-apple-ios-simulator.swiftmodule /tmp/LocalScrollDerived/Build/Intermediates.noindex/LocalScroll.build/Debug-iphonesimulator/LocalScrollWidget.build/Objects-normal/arm64/LocalScrollWidget.swiftmodule (in target 'LocalScrollWidget' from project 'LocalScroll')
    cd /Users/ipanda/Documents/Code/iosproject/LocalScroll_Xcode
    builtin-copy -exclude .DS_Store -exclude CVS -exclude .svn -exclude .git -exclude .hg -resolve-src-symlinks -rename /tmp/LocalScrollDerived/Build/Intermediates.noindex/LocalScroll.build/Debug-iphonesimulator/LocalScrollWidget.build/Objects-normal/arm64/LocalScrollWidget.swiftmodule /tmp/LocalScrollDerived/Build/Products/Debug-iphonesimulator/LocalScrollWidget.swiftmodule/arm64-apple-ios-simulator.swiftmodule

Copy /tmp/LocalScrollDerived/Build/Products/Debug-iphonesimulator/LocalScrollWidget.swiftmodule/arm64-apple-ios-simulator.swiftdoc /tmp/LocalScrollDerived/Build/Intermediates.noindex/LocalScroll.build/Debug-iphonesimulator/LocalScrollWidget.build/Objects-normal/arm64/LocalScrollWidget.swiftdoc (in target 'LocalScrollWidget' from project 'LocalScroll')
    cd /Users/ipanda/Documents/Code/iosproject/LocalScroll_Xcode
    builtin-copy -exclude .DS_Store -exclude CVS -exclude .svn -exclude .git -exclude .hg -resolve-src-symlinks -rename /tmp/LocalScrollDerived/Build/Intermediates.noindex/LocalScroll.build/Debug-iphonesimulator/LocalScrollWidget.build/Objects-normal/arm64/LocalScrollWidget.swiftdoc /tmp/LocalScrollDerived/Build/Products/Debug-iphonesimulator/LocalScrollWidget.swiftmodule/arm64-apple-ios-simulator.swiftdoc

Copy /tmp/LocalScrollDerived/Build/Products/Debug-iphonesimulator/LocalScrollWidget.swiftmodule/arm64-apple-ios-simulator.abi.json /tmp/LocalScrollDerived/Build/Intermediates.noindex/LocalScroll.build/Debug-iphonesimulator/LocalScrollWidget.build/Objects-normal/arm64/LocalScrollWidget.abi.json (in target 'LocalScrollWidget' from project 'LocalScroll')
    cd /Users/ipanda/Documents/Code/iosproject/LocalScroll_Xcode
    builtin-copy -exclude .DS_Store -exclude CVS -exclude .svn -exclude .git -exclude .hg -resolve-src-symlinks -rename /tmp/LocalScrollDerived/Build/Intermediates.noindex/LocalScroll.build/Debug-iphonesimulator/LocalScrollWidget.build/Objects-normal/arm64/LocalScrollWidget.abi.json /tmp/LocalScrollDerived/Build/Products/Debug-iphonesimulator/LocalScrollWidget.swiftmodule/arm64-apple-ios-simulator.abi.json

Copy /tmp/LocalScrollDerived/Build/Products/Debug-iphonesimulator/LocalScrollWidget.swiftmodule/Project/arm64-apple-ios-simulator.swiftsourceinfo /tmp/LocalScrollDerived/Build/Intermediates.noindex/LocalScroll.build/Debug-iphonesimulator/LocalScrollWidget.build/Objects-normal/arm64/LocalScrollWidget.swiftsourceinfo (in target 'LocalScrollWidget' from project 'LocalScroll')
    cd /Users/ipanda/Documents/Code/iosproject/LocalScroll_Xcode
    builtin-copy -exclude .DS_Store -exclude CVS -exclude .svn -exclude .git -exclude .hg -resolve-src-symlinks -rename /tmp/LocalScrollDerived/Build/Intermediates.noindex/LocalScroll.build/Debug-iphonesimulator/LocalScrollWidget.build/Objects-normal/arm64/LocalScrollWidget.swiftsourceinfo /tmp/LocalScrollDerived/Build/Products/Debug-iphonesimulator/LocalScrollWidget.swiftmodule/Project/arm64-apple-ios-simulator.swiftsourceinfo

MkDir /tmp/LocalScrollDerived/Build/Intermediates.noindex/LocalScroll.build/Debug-iphonesimulator/LocalScroll.build/assetcatalog_output/thinned (in target 'LocalScroll' from project 'LocalScroll')
    cd /Users/ipanda/Documents/Code/iosproject/LocalScroll_Xcode
    /bin/mkdir -p /tmp/LocalScrollDerived/Build/Intermediates.noindex/LocalScroll.build/Debug-iphonesimulator/LocalScroll.build/assetcatalog_output/thinned

MkDir /tmp/LocalScrollDerived/Build/Intermediates.noindex/LocalScroll.build/Debug-iphonesimulator/LocalScroll.build/assetcatalog_output/unthinned (in target 'LocalScroll' from project 'LocalScroll')
    cd /Users/ipanda/Documents/Code/iosproject/LocalScroll_Xcode
    /bin/mkdir -p /tmp/LocalScrollDerived/Build/Intermediates.noindex/LocalScroll.build/Debug-iphonesimulator/LocalScroll.build/assetcatalog_output/unthinned

GenerateAssetSymbols /Users/ipanda/Documents/Code/iosproject/LocalScroll_Xcode/LocalScroll/Preview\ Content/Preview\ Assets.xcassets /Users/ipanda/Documents/Code/iosproject/LocalScroll_Xcode/LocalScroll/Assets.xcassets (in target 'LocalScroll' from project 'LocalScroll')
    cd /Users/ipanda/Documents/Code/iosproject/LocalScroll_Xcode
    /Applications/Xcode.app/Contents/Developer/usr/bin/actool /Users/ipanda/Documents/Code/iosproject/LocalScroll_Xcode/LocalScroll/Preview\ Content/Preview\ Assets.xcassets /Users/ipanda/Documents/Code/iosproject/LocalScroll_Xcode/LocalScroll/Assets.xcassets --compile /tmp/LocalScrollDerived/Build/Products/Debug-iphonesimulator/LocalScroll.app --output-format human-readable-text --notices --warnings --export-dependency-info /tmp/LocalScrollDerived/Build/Intermediates.noindex/LocalScroll.build/Debug-iphonesimulator/LocalScroll.build/assetcatalog_dependencies --output-partial-info-plist /tmp/LocalScrollDerived/Build/Intermediates.noindex/LocalScroll.build/Debug-iphonesimulator/LocalScroll.build/assetcatalog_generated_info.plist --app-icon AppIcon --accent-color AccentColor --compress-pngs --enable-on-demand-resources YES --development-region en --target-device iphone --target-device ipad --minimum-deployment-target 18.2 --platform iphonesimulator --bundle-identifier Aaron-Wang.LocalScroll --generate-swift-asset-symbols /tmp/LocalScrollDerived/Build/Intermediates.noindex/LocalScroll.build/Debug-iphonesimulator/LocalScroll.build/DerivedSources/GeneratedAssetSymbols.swift --generate-objc-asset-symbols /tmp/LocalScrollDerived/Build/Intermediates.noindex/LocalScroll.build/Debug-iphonesimulator/LocalScroll.build/DerivedSources/GeneratedAssetSymbols.h --generate-asset-symbol-index /tmp/LocalScrollDerived/Build/Intermediates.noindex/LocalScroll.build/Debug-iphonesimulator/LocalScroll.build/DerivedSources/GeneratedAssetSymbols-Index.plist
/* com.apple.actool.document.warnings */
/Users/ipanda/Documents/Code/iosproject/LocalScroll_Xcode/LocalScroll/Assets.xcassets:./AppIcon.appiconset/(null)[2d][LocalScroll_iOS_logo1.2.png]: warning: The app icon set "AppIcon" has an unassigned child.
/Users/ipanda/Documents/Code/iosproject/LocalScroll_Xcode/LocalScroll/Assets.xcassets:./AppIcon.appiconset/(null)[2d][LocalScroll_iOS_logo1.2.png]: warning: The app icon set "AppIcon" has an unassigned child.
/* com.apple.actool.compilation-results */
/tmp/LocalScrollDerived/Build/Intermediates.noindex/LocalScroll.build/Debug-iphonesimulator/LocalScroll.build/DerivedSources/GeneratedAssetSymbols-Index.plist
/tmp/LocalScrollDerived/Build/Intermediates.noindex/LocalScroll.build/Debug-iphonesimulator/LocalScroll.build/DerivedSources/GeneratedAssetSymbols.h
/tmp/LocalScrollDerived/Build/Intermediates.noindex/LocalScroll.build/Debug-iphonesimulator/LocalScroll.build/DerivedSources/GeneratedAssetSymbols.swift


CompileAssetCatalogVariant thinned /tmp/LocalScrollDerived/Build/Products/Debug-iphonesimulator/LocalScroll.app /Users/ipanda/Documents/Code/iosproject/LocalScroll_Xcode/LocalScroll/Preview\ Content/Preview\ Assets.xcassets /Users/ipanda/Documents/Code/iosproject/LocalScroll_Xcode/LocalScroll/Assets.xcassets (in target 'LocalScroll' from project 'LocalScroll')
    cd /Users/ipanda/Documents/Code/iosproject/LocalScroll_Xcode
    /Applications/Xcode.app/Contents/Developer/usr/bin/actool /Users/ipanda/Documents/Code/iosproject/LocalScroll_Xcode/LocalScroll/Preview\ Content/Preview\ Assets.xcassets /Users/ipanda/Documents/Code/iosproject/LocalScroll_Xcode/LocalScroll/Assets.xcassets --compile /tmp/LocalScrollDerived/Build/Intermediates.noindex/LocalScroll.build/Debug-iphonesimulator/LocalScroll.build/assetcatalog_output/thinned --output-format human-readable-text --notices --warnings --export-dependency-info /tmp/LocalScrollDerived/Build/Intermediates.noindex/LocalScroll.build/Debug-iphonesimulator/LocalScroll.build/assetcatalog_dependencies_thinned --output-partial-info-plist /tmp/LocalScrollDerived/Build/Intermediates.noindex/LocalScroll.build/Debug-iphonesimulator/LocalScroll.build/assetcatalog_generated_info.plist_thinned --app-icon AppIcon --accent-color AccentColor --compress-pngs --enable-on-demand-resources YES --filter-for-thinning-device-configuration iPhone18,2 --filter-for-device-os-version 26.5 --development-region en --target-device iphone --target-device ipad --minimum-deployment-target 18.2 --platform iphonesimulator
/* com.apple.actool.document.warnings */
/Users/ipanda/Documents/Code/iosproject/LocalScroll_Xcode/LocalScroll/Assets.xcassets:./AppIcon.appiconset/(null)[2d][LocalScroll_iOS_logo1.2.png]: warning: The app icon set "AppIcon" has an unassigned child.
/Users/ipanda/Documents/Code/iosproject/LocalScroll_Xcode/LocalScroll/Assets.xcassets:./AppIcon.appiconset/(null)[2d][LocalScroll_iOS_logo1.2.png]: warning: The app icon set "AppIcon" has an unassigned child.
/Users/ipanda/Documents/Code/iosproject/LocalScroll_Xcode/LocalScroll/Assets.xcassets:./AppIcon.appiconset/(null)[2d][LocalScroll_iOS_logo1.2.png]: warning: The app icon set "AppIcon" has an unassigned child.
/* com.apple.actool.compilation-results */
/tmp/LocalScrollDerived/Build/Intermediates.noindex/LocalScroll.build/Debug-iphonesimulator/LocalScroll.build/assetcatalog_generated_info.plist_thinned
/tmp/LocalScrollDerived/Build/Intermediates.noindex/LocalScroll.build/Debug-iphonesimulator/LocalScroll.build/assetcatalog_output/thinned/AppIcon60x60@2x.png
/tmp/LocalScrollDerived/Build/Intermediates.noindex/LocalScroll.build/Debug-iphonesimulator/LocalScroll.build/assetcatalog_output/thinned/AppIcon76x76@2x~ipad.png
/tmp/LocalScrollDerived/Build/Intermediates.noindex/LocalScroll.build/Debug-iphonesimulator/LocalScroll.build/assetcatalog_output/thinned/Assets.car


SwiftDriver LocalScroll normal arm64 com.apple.xcode.tools.swift.compiler (in target 'LocalScroll' from project 'LocalScroll')
    cd /Users/ipanda/Documents/Code/iosproject/LocalScroll_Xcode
    builtin-SwiftDriver -- /Applications/Xcode.app/Contents/Developer/Toolchains/XcodeDefault.xctoolchain/usr/bin/swiftc -module-name LocalScroll -Onone @/tmp/LocalScrollDerived/Build/Intermediates.noindex/LocalScroll.build/Debug-iphonesimulator/LocalScroll.build/Objects-normal/arm64/LocalScroll.SwiftFileList -DDEBUG -enable-bare-slash-regex -enable-experimental-feature DebugDescriptionMacro -sdk /Applications/Xcode.app/Contents/Developer/Platforms/iPhoneSimulator.platform/Developer/SDKs/iPhoneSimulator26.5.sdk -target arm64-apple-ios18.2-simulator -g -module-cache-path /tmp/LocalScrollDerived/ModuleCache.noindex -Xfrontend -serialize-debugging-options -profile-coverage-mapping -profile-generate -enable-testing -index-store-path /tmp/LocalScrollDerived/Index.noindex/DataStore -Xcc -D_LIBCPP_HARDENING_MODE\=_LIBCPP_HARDENING_MODE_DEBUG -swift-version 5 -I /tmp/LocalScrollDerived/Build/Products/Debug-iphonesimulator -F /tmp/LocalScrollDerived/Build/Products/Debug-iphonesimulator/PackageFrameworks -F /tmp/LocalScrollDerived/Build/Products/Debug-iphonesimulator -emit-localized-strings -emit-localized-strings-path /tmp/LocalScrollDerived/Build/Intermediates.noindex/LocalScroll.build/Debug-iphonesimulator/LocalScroll.build/Objects-normal/arm64 -c -j16 -enable-batch-mode -incremental -Xcc -ivfsstatcache -Xcc /tmp/LocalScrollDerived/SDKStatCaches.noindex/iphonesimulator26.5-23F73-6cfe768891a92b912361537c460fe42b.sdkstatcache -output-file-map /tmp/LocalScrollDerived/Build/Intermediates.noindex/LocalScroll.build/Debug-iphonesimulator/LocalScroll.build/Objects-normal/arm64/LocalScroll-OutputFileMap.json -use-frontend-parseable-output -save-temps -no-color-diagnostics -explicit-module-build -module-cache-path /tmp/LocalScrollDerived/Build/Intermediates.noindex/SwiftExplicitPrecompiledModules -clang-scanner-module-cache-path /tmp/LocalScrollDerived/ModuleCache.noindex -sdk-module-cache-path /tmp/LocalScrollDerived/ModuleCache.noindex -serialize-diagnostics -emit-dependencies -emit-module -emit-module-path /tmp/LocalScrollDerived/Build/Intermediates.noindex/LocalScroll.build/Debug-iphonesimulator/LocalScroll.build/Objects-normal/arm64/LocalScroll.swiftmodule -validate-clang-modules-once -clang-build-session-file /tmp/LocalScrollDerived/ModuleCache.noindex/Session.modulevalidation -Xcc -I/tmp/LocalScrollDerived/Build/Intermediates.noindex/LocalScroll.build/Debug-iphonesimulator/LocalScroll.build/swift-overrides.hmap -emit-const-values -Xfrontend -const-gather-protocols-file -Xfrontend /tmp/LocalScrollDerived/Build/Intermediates.noindex/LocalScroll.build/Debug-iphonesimulator/LocalScroll.build/Objects-normal/arm64/LocalScroll_const_extract_protocols.json -Xcc -iquote -Xcc /tmp/LocalScrollDerived/Build/Intermediates.noindex/LocalScroll.build/Debug-iphonesimulator/LocalScroll.build/LocalScroll-generated-files.hmap -Xcc -I/tmp/LocalScrollDerived/Build/Intermediates.noindex/LocalScroll.build/Debug-iphonesimulator/LocalScroll.build/LocalScroll-own-target-headers.hmap -Xcc -I/tmp/LocalScrollDerived/Build/Intermediates.noindex/LocalScroll.build/Debug-iphonesimulator/LocalScroll.build/LocalScroll-all-non-framework-target-headers.hmap -Xcc -ivfsoverlay -Xcc /tmp/LocalScrollDerived/Build/Intermediates.noindex/LocalScroll.build/Debug-iphonesimulator/LocalScroll-b040b9c999c0951a7823b9397cd8b53e-VFS-iphonesimulator/all-product-headers.yaml -Xcc -iquote -Xcc /tmp/LocalScrollDerived/Build/Intermediates.noindex/LocalScroll.build/Debug-iphonesimulator/LocalScroll.build/LocalScroll-project-headers.hmap -Xcc -I/tmp/LocalScrollDerived/Build/Products/Debug-iphonesimulator/include -Xcc -I/tmp/LocalScrollDerived/Build/Intermediates.noindex/LocalScroll.build/Debug-iphonesimulator/LocalScroll.build/DerivedSources-normal/arm64 -Xcc -I/tmp/LocalScrollDerived/Build/Intermediates.noindex/LocalScroll.build/Debug-iphonesimulator/LocalScroll.build/DerivedSources/arm64 -Xcc -I/tmp/LocalScrollDerived/Build/Intermediates.noindex/LocalScroll.build/Debug-iphonesimulator/LocalScroll.build/DerivedSources -Xcc -DDEBUG\=1 -emit-objc-header -emit-objc-header-path /tmp/LocalScrollDerived/Build/Intermediates.noindex/LocalScroll.build/Debug-iphonesimulator/LocalScroll.build/Objects-normal/arm64/LocalScroll-Swift.h -working-directory /Users/ipanda/Documents/Code/iosproject/LocalScroll_Xcode -experimental-emit-module-separately -disable-cmo

SwiftDriverJobDiscovery normal arm64 Compiling ProcessingActivityAttributes.swift (in target 'LocalScrollWidget' from project 'LocalScroll')

SwiftExplicitDependencyGeneratePcm arm64 /tmp/LocalScrollDerived/ModuleCache.noindex/ptrcheck-78PAZDDUBBXZ5ZBYJH9KNESCU.pcm

SwiftExplicitDependencyGeneratePcm arm64 /tmp/LocalScrollDerived/ModuleCache.noindex/_Builtin_stdbool-3EWUTE1PXMZ1XW89WVPY6L4BS.pcm

SwiftExplicitDependencyGeneratePcm arm64 /tmp/LocalScrollDerived/ModuleCache.noindex/_AvailabilityInternal-8H0TRKYQ4TKRFM9KJ63K9RVS4.pcm

SwiftExplicitDependencyGeneratePcm arm64 /tmp/LocalScrollDerived/ModuleCache.noindex/_Builtin_stdarg-D4BD8EU04FT8VUTTJSQX9YEE4.pcm

SwiftExplicitDependencyGeneratePcm arm64 /tmp/LocalScrollDerived/ModuleCache.noindex/_SwiftConcurrencyShims-DTV28ULEXV691SDVRM06AJ5WR.pcm

SwiftExplicitDependencyGeneratePcm arm64 /tmp/LocalScrollDerived/ModuleCache.noindex/_Builtin_float-99L9I9RREHV3EXE7YO6LQJO9P.pcm

SwiftExplicitDependencyGeneratePcm arm64 /tmp/LocalScrollDerived/ModuleCache.noindex/_Builtin_stddef-3IB0NNXMJCI87DY1RLE3R9FBU.pcm

SwiftExplicitDependencyGeneratePcm arm64 /tmp/LocalScrollDerived/ModuleCache.noindex/ActivityKit-3UAO1E80EGHZ9B5K970AYIP1G.pcm

SwiftExplicitDependencyGeneratePcm arm64 /tmp/LocalScrollDerived/ModuleCache.noindex/DeveloperToolsSupport-9HDQYNLD4UC85PEPTKBHIJZJX.pcm

SwiftExplicitDependencyGeneratePcm arm64 /tmp/LocalScrollDerived/ModuleCache.noindex/ptrauth-9LXNZBQWM4VRGDD23282LVPZ6.pcm

SwiftExplicitDependencyGeneratePcm arm64 /tmp/LocalScrollDerived/ModuleCache.noindex/SwiftShims-2LSPNOHHDIWRM12S4QINM2AAD.pcm

SwiftExplicitDependencyGeneratePcm arm64 /tmp/LocalScrollDerived/ModuleCache.noindex/_DarwinFoundation1-E2R0JM3G7LNP08DR9QVNVD95.pcm

SwiftExplicitDependencyGeneratePcm arm64 /tmp/LocalScrollDerived/ModuleCache.noindex/_DarwinFoundation2-1H8JUVBGXE30P8AZXRV3HUOPT.pcm

SwiftExplicitDependencyGeneratePcm arm64 /tmp/LocalScrollDerived/ModuleCache.noindex/ExtensionFoundation-7PL8010BYS5MV6JRC9DW2U07J.pcm

SwiftExplicitDependencyGeneratePcm arm64 /tmp/LocalScrollDerived/ModuleCache.noindex/_Builtin_limits-ECARJU41MNBGTNGC6WNRQOHWK.pcm

SwiftExplicitDependencyGeneratePcm arm64 /tmp/LocalScrollDerived/ModuleCache.noindex/_Builtin_tgmath-C4LH7675D05K0RWM02YN6Z450.pcm

SwiftExplicitDependencyGeneratePcm arm64 /tmp/LocalScrollDerived/ModuleCache.noindex/_Builtin_stdint-D6RQ1NMG5XINM1MDG3PB791WT.pcm

SwiftExplicitDependencyGeneratePcm arm64 /tmp/LocalScrollDerived/ModuleCache.noindex/sys_types-323FBWNLBCJBEUGZBGTOGCCZD.pcm

SwiftExplicitDependencyGeneratePcm arm64 /tmp/LocalScrollDerived/ModuleCache.noindex/_Builtin_stdatomic-C3GG62OSQQTZQ0T2SC805VBX6.pcm

SwiftExplicitDependencyGeneratePcm arm64 /tmp/LocalScrollDerived/ModuleCache.noindex/_DarwinFoundation3-72IC413M05DF6APCXVADD6C5Y.pcm

SwiftExplicitDependencyGeneratePcm arm64 /tmp/LocalScrollDerived/ModuleCache.noindex/_Builtin_intrinsics-EQ2415WFBZI0JWWY3KHBX9QU8.pcm

SwiftExplicitDependencyGeneratePcm arm64 /tmp/LocalScrollDerived/ModuleCache.noindex/_Builtin_inttypes-9TFRD18VUMOM0X7U2LRB79OQR.pcm

SwiftExplicitDependencyGeneratePcm arm64 /tmp/LocalScrollDerived/ModuleCache.noindex/Darwin-84B8VEC8P982XNBQ59C0RDMJH.pcm

SwiftExplicitDependencyGeneratePcm arm64 /tmp/LocalScrollDerived/ModuleCache.noindex/simd-373WYK7VORBZFJXRPW06PJMVZ.pcm

SwiftExplicitDependencyGeneratePcm arm64 /tmp/LocalScrollDerived/ModuleCache.noindex/ObjectiveC-1EZ5UC5GY31MICUCDAYWSUR9P.pcm

SwiftExplicitDependencyGeneratePcm arm64 /tmp/LocalScrollDerived/ModuleCache.noindex/MachO-9TRIKWJ68DIH27XMLQ7POI34P.pcm

SwiftExplicitDependencyGeneratePcm arm64 /tmp/LocalScrollDerived/ModuleCache.noindex/os_object-BJJ02XQTFGGLQWI67326EFQNL.pcm

SwiftExplicitDependencyGeneratePcm arm64 /tmp/LocalScrollDerived/ModuleCache.noindex/Spatial-443R559CUWYTD0ILOKAALGAML.pcm

SwiftExplicitDependencyGeneratePcm arm64 /tmp/LocalScrollDerived/ModuleCache.noindex/os_workgroup-5QEJ00RMRNCELOH5MEIV11HQ2.pcm

SwiftExplicitDependencyGeneratePcm arm64 /tmp/LocalScrollDerived/ModuleCache.noindex/Dispatch-APWUQLGUVKDOS5Q9PWCLDQLO2.pcm

SwiftExplicitDependencyGeneratePcm arm64 /tmp/LocalScrollDerived/ModuleCache.noindex/XPC-3EPJAIUFCFXU7GKZ5HNXCV1F5.pcm

SwiftExplicitDependencyGeneratePcm arm64 /tmp/LocalScrollDerived/ModuleCache.noindex/CoreFoundation-8KUY9X9521LVJI6IBYK4MXK2U.pcm

SwiftExplicitDependencyGeneratePcm arm64 /tmp/LocalScrollDerived/ModuleCache.noindex/dnssd-BTPHHGWU30TYB7LUG2IS5UMME.pcm

SwiftExplicitDependencyGeneratePcm arm64 /tmp/LocalScrollDerived/ModuleCache.noindex/os-4QSJWG9YC32CVCRXAMQPZIXPW.pcm

SwiftExplicitDependencyGeneratePcm arm64 /tmp/LocalScrollDerived/ModuleCache.noindex/CoreGraphics-BDWT0OBVQ77IXXTNM5T9IW5J4.pcm

SwiftExplicitDependencyGeneratePcm arm64 /tmp/LocalScrollDerived/ModuleCache.noindex/Security-7K1UTA2CL2CF30VN4W9KF9H2M.pcm

SwiftExplicitDependencyGeneratePcm arm64 /tmp/LocalScrollDerived/ModuleCache.noindex/CFNetwork-920V7S3MTC079IJPWH99VS0PJ.pcm

SwiftExplicitDependencyGeneratePcm arm64 /tmp/LocalScrollDerived/ModuleCache.noindex/CoreAudioTypes-8IT1YVMS14HJ6FX8430Q6KUUH.pcm

SwiftExplicitDependencyGeneratePcm arm64 /tmp/LocalScrollDerived/ModuleCache.noindex/CoreAudio-B140KD6EWHUDGGYRZBTSZ2NOU.pcm

SwiftExplicitDependencyGeneratePcm arm64 /tmp/LocalScrollDerived/ModuleCache.noindex/Foundation-3D968K23X1G7BVM959VGEMS1K.pcm

SwiftExplicitDependencyGeneratePcm arm64 /tmp/LocalScrollDerived/ModuleCache.noindex/CoreText-85RQG9QQKZ0PZZ6KVM61HGRAA.pcm

SwiftExplicitDependencyGeneratePcm arm64 /tmp/LocalScrollDerived/ModuleCache.noindex/ImageIO-E295C78TJRETF8MU6RV5XGOOZ.pcm

LinkAssetCatalog /Users/ipanda/Documents/Code/iosproject/LocalScroll_Xcode/LocalScroll/Preview\ Content/Preview\ Assets.xcassets /Users/ipanda/Documents/Code/iosproject/LocalScroll_Xcode/LocalScroll/Assets.xcassets (in target 'LocalScroll' from project 'LocalScroll')
    cd /Users/ipanda/Documents/Code/iosproject/LocalScroll_Xcode
    builtin-linkAssetCatalog --thinned /tmp/LocalScrollDerived/Build/Intermediates.noindex/LocalScroll.build/Debug-iphonesimulator/LocalScroll.build/assetcatalog_output/thinned --thinned-dependencies /tmp/LocalScrollDerived/Build/Intermediates.noindex/LocalScroll.build/Debug-iphonesimulator/LocalScroll.build/assetcatalog_dependencies_thinned --thinned-info-plist-content /tmp/LocalScrollDerived/Build/Intermediates.noindex/LocalScroll.build/Debug-iphonesimulator/LocalScroll.build/assetcatalog_generated_info.plist_thinned --unthinned /tmp/LocalScrollDerived/Build/Intermediates.noindex/LocalScroll.build/Debug-iphonesimulator/LocalScroll.build/assetcatalog_output/unthinned --unthinned-dependencies /tmp/LocalScrollDerived/Build/Intermediates.noindex/LocalScroll.build/Debug-iphonesimulator/LocalScroll.build/assetcatalog_dependencies_unthinned --unthinned-info-plist-content /tmp/LocalScrollDerived/Build/Intermediates.noindex/LocalScroll.build/Debug-iphonesimulator/LocalScroll.build/assetcatalog_generated_info.plist_unthinned --output /tmp/LocalScrollDerived/Build/Products/Debug-iphonesimulator/LocalScroll.app --plist-output /tmp/LocalScrollDerived/Build/Intermediates.noindex/LocalScroll.build/Debug-iphonesimulator/LocalScroll.build/assetcatalog_generated_info.plist
note: Emplaced /tmp/LocalScrollDerived/Build/Products/Debug-iphonesimulator/LocalScroll.app/Assets.car (in target 'LocalScroll' from project 'LocalScroll')
note: Emplaced /tmp/LocalScrollDerived/Build/Products/Debug-iphonesimulator/LocalScroll.app/AppIcon76x76@2x~ipad.png (in target 'LocalScroll' from project 'LocalScroll')
note: Emplaced /tmp/LocalScrollDerived/Build/Products/Debug-iphonesimulator/LocalScroll.app/AppIcon60x60@2x.png (in target 'LocalScroll' from project 'LocalScroll')

SwiftExplicitDependencyGeneratePcm arm64 /tmp/LocalScrollDerived/ModuleCache.noindex/_LocationEssentials-8BNG4RNJXS072SIOVOAYJKPSJ.pcm

SwiftExplicitDependencyGeneratePcm arm64 /tmp/LocalScrollDerived/ModuleCache.noindex/Accessibility-X2FKLS7NRAK7HBGPSNNY7FBN.pcm

SwiftExplicitDependencyGeneratePcm arm64 /tmp/LocalScrollDerived/ModuleCache.noindex/CoreTransferable-31KXG9K9X1HUFFIG6HTWFYU32.pcm

SwiftExplicitDependencyGeneratePcm arm64 /tmp/LocalScrollDerived/ModuleCache.noindex/CoreMIDI-JOD2QEFEDZ7EU83DR87TC5IQ.pcm

SwiftExplicitDependencyGeneratePcm arm64 /tmp/LocalScrollDerived/ModuleCache.noindex/FileProvider-1ALWER6V0KX0KKDLFVC4DKOW4.pcm

SwiftExplicitDependencyGeneratePcm arm64 /tmp/LocalScrollDerived/ModuleCache.noindex/IOSurface-1GWDR3NGC4GPVC9ZZ07MXJ9SS.pcm

SwiftExplicitDependencyGeneratePcm arm64 /tmp/LocalScrollDerived/ModuleCache.noindex/BackgroundTasks-4FQ8U5I2PT13CHNURY918DJCH.pcm

SwiftExplicitDependencyGeneratePcm arm64 /tmp/LocalScrollDerived/ModuleCache.noindex/DataDetection-8CK9191PT78IRNZ1XK7R4JO5D.pcm

SwiftExplicitDependencyGeneratePcm arm64 /tmp/LocalScrollDerived/ModuleCache.noindex/OpenGLES-6K1GL48R5RIEKLHRNCCBJHXYH.pcm

SwiftExplicitDependencyGeneratePcm arm64 /tmp/LocalScrollDerived/ModuleCache.noindex/UIUtilities-8WYMX7WRXND8BG87K0QLSAZV.pcm

SwiftExplicitDependencyGeneratePcm arm64 /tmp/LocalScrollDerived/ModuleCache.noindex/CoreData-4YHINPCKZKIP9ZY2MAMCP73O.pcm

SwiftExplicitDependencyGeneratePcm arm64 /tmp/LocalScrollDerived/ModuleCache.noindex/Symbols-TI8ZIVQJPFZJITXV8W83ECDP.pcm

SwiftExplicitDependencyGeneratePcm arm64 /tmp/LocalScrollDerived/ModuleCache.noindex/OSLog-CG6Q9OJOK2CIHPY93PXSMRVGQ.pcm

SwiftExplicitDependencyGeneratePcm arm64 /tmp/LocalScrollDerived/ModuleCache.noindex/Network-TXRUUIV1J8W4XVLLUTBLJLJJ.pcm

SwiftExplicitDependencyGeneratePcm arm64 /tmp/LocalScrollDerived/ModuleCache.noindex/UniformTypeIdentifiers-AFL3VMK75GGB9EYR4XEMWWTST.pcm

SwiftExplicitDependencyGeneratePcm arm64 /tmp/LocalScrollDerived/ModuleCache.noindex/UserNotifications-8LOM12NP5SIQA828KYGL1TX96.pcm

SwiftExplicitDependencyGeneratePcm arm64 /tmp/LocalScrollDerived/ModuleCache.noindex/CoreLocation-3421BG0ZBXAX5XDBK8W1W0KOM.pcm

SwiftExplicitDependencyGeneratePcm arm64 /tmp/LocalScrollDerived/ModuleCache.noindex/Metal-F3R0OZN3XLDZE39EH95B680ZB.pcm

SwiftExplicitDependencyGeneratePcm arm64 /tmp/LocalScrollDerived/ModuleCache.noindex/AVRouting-4K5K769RBBNCVJS7NUJ3WRXZY.pcm

SwiftDriverJobDiscovery normal arm64 Compiling LocalScrollWidgetBundle.swift (in target 'LocalScrollWidget' from project 'LocalScroll')

SwiftExplicitDependencyGeneratePcm arm64 /tmp/LocalScrollDerived/ModuleCache.noindex/AudioToolbox-EBZLX55GJC0IGA6MZMIADE0RG.pcm

SwiftDriverJobDiscovery normal arm64 Compiling ProcessingLiveActivityWidget.swift (in target 'LocalScrollWidget' from project 'LocalScroll')

SwiftDriver\ Compilation LocalScrollWidget normal arm64 com.apple.xcode.tools.swift.compiler (in target 'LocalScrollWidget' from project 'LocalScroll')
    cd /Users/ipanda/Documents/Code/iosproject/LocalScroll_Xcode
    builtin-Swift-Compilation -- /Applications/Xcode.app/Contents/Developer/Toolchains/XcodeDefault.xctoolchain/usr/bin/swiftc -module-name LocalScrollWidget -Onone @/tmp/LocalScrollDerived/Build/Intermediates.noindex/LocalScroll.build/Debug-iphonesimulator/LocalScrollWidget.build/Objects-normal/arm64/LocalScrollWidget.SwiftFileList -DDEBUG -enable-bare-slash-regex -enable-experimental-feature DebugDescriptionMacro -sdk /Applications/Xcode.app/Contents/Developer/Platforms/iPhoneSimulator.platform/Developer/SDKs/iPhoneSimulator26.5.sdk -target arm64-apple-ios18.2-simulator -g -module-cache-path /tmp/LocalScrollDerived/ModuleCache.noindex -Xfrontend -serialize-debugging-options -application-extension -profile-coverage-mapping -profile-generate -enable-testing -index-store-path /tmp/LocalScrollDerived/Index.noindex/DataStore -Xcc -D_LIBCPP_HARDENING_MODE\=_LIBCPP_HARDENING_MODE_DEBUG -swift-version 5 -I /tmp/LocalScrollDerived/Build/Products/Debug-iphonesimulator -F /tmp/LocalScrollDerived/Build/Products/Debug-iphonesimulator -emit-localized-strings -emit-localized-strings-path /tmp/LocalScrollDerived/Build/Intermediates.noindex/LocalScroll.build/Debug-iphonesimulator/LocalScrollWidget.build/Objects-normal/arm64 -c -j16 -enable-batch-mode -incremental -Xcc -ivfsstatcache -Xcc /tmp/LocalScrollDerived/SDKStatCaches.noindex/iphonesimulator26.5-23F73-6cfe768891a92b912361537c460fe42b.sdkstatcache -output-file-map /tmp/LocalScrollDerived/Build/Intermediates.noindex/LocalScroll.build/Debug-iphonesimulator/LocalScrollWidget.build/Objects-normal/arm64/LocalScrollWidget-OutputFileMap.json -use-frontend-parseable-output -save-temps -no-color-diagnostics -explicit-module-build -module-cache-path /tmp/LocalScrollDerived/Build/Intermediates.noindex/SwiftExplicitPrecompiledModules -clang-scanner-module-cache-path /tmp/LocalScrollDerived/ModuleCache.noindex -sdk-module-cache-path /tmp/LocalScrollDerived/ModuleCache.noindex -serialize-diagnostics -emit-dependencies -emit-module -emit-module-path /tmp/LocalScrollDerived/Build/Intermediates.noindex/LocalScroll.build/Debug-iphonesimulator/LocalScrollWidget.build/Objects-normal/arm64/LocalScrollWidget.swiftmodule -validate-clang-modules-once -clang-build-session-file /tmp/LocalScrollDerived/ModuleCache.noindex/Session.modulevalidation -Xcc -I/tmp/LocalScrollDerived/Build/Intermediates.noindex/LocalScroll.build/Debug-iphonesimulator/LocalScrollWidget.build/swift-overrides.hmap -emit-const-values -Xfrontend -const-gather-protocols-file -Xfrontend /tmp/LocalScrollDerived/Build/Intermediates.noindex/LocalScroll.build/Debug-iphonesimulator/LocalScrollWidget.build/Objects-normal/arm64/LocalScrollWidget_const_extract_protocols.json -Xcc -iquote -Xcc /tmp/LocalScrollDerived/Build/Intermediates.noindex/LocalScroll.build/Debug-iphonesimulator/LocalScrollWidget.build/LocalScrollWidget-generated-files.hmap -Xcc -I/tmp/LocalScrollDerived/Build/Intermediates.noindex/LocalScroll.build/Debug-iphonesimulator/LocalScrollWidget.build/LocalScrollWidget-own-target-headers.hmap -Xcc -I/tmp/LocalScrollDerived/Build/Intermediates.noindex/LocalScroll.build/Debug-iphonesimulator/LocalScrollWidget.build/LocalScrollWidget-all-non-framework-target-headers.hmap -Xcc -ivfsoverlay -Xcc /tmp/LocalScrollDerived/Build/Intermediates.noindex/LocalScroll.build/Debug-iphonesimulator/LocalScroll-b040b9c999c0951a7823b9397cd8b53e-VFS-iphonesimulator/all-product-headers.yaml -Xcc -iquote -Xcc /tmp/LocalScrollDerived/Build/Intermediates.noindex/LocalScroll.build/Debug-iphonesimulator/LocalScrollWidget.build/LocalScrollWidget-project-headers.hmap -Xcc -I/tmp/LocalScrollDerived/Build/Products/Debug-iphonesimulator/include -Xcc -I/tmp/LocalScrollDerived/Build/Intermediates.noindex/LocalScroll.build/Debug-iphonesimulator/LocalScrollWidget.build/DerivedSources-normal/arm64 -Xcc -I/tmp/LocalScrollDerived/Build/Intermediates.noindex/LocalScroll.build/Debug-iphonesimulator/LocalScrollWidget.build/DerivedSources/arm64 -Xcc -I/tmp/LocalScrollDerived/Build/Intermediates.noindex/LocalScroll.build/Debug-iphonesimulator/LocalScrollWidget.build/DerivedSources -Xcc -DDEBUG\=1 -emit-objc-header -emit-objc-header-path /tmp/LocalScrollDerived/Build/Intermediates.noindex/LocalScroll.build/Debug-iphonesimulator/LocalScrollWidget.build/Objects-normal/arm64/LocalScrollWidget-Swift.h -working-directory /Users/ipanda/Documents/Code/iosproject/LocalScroll_Xcode -experimental-emit-module-separately -disable-cmo

Ld /tmp/LocalScrollDerived/Build/Products/Debug-iphonesimulator/LocalScrollWidget.appex/LocalScrollWidget.debug.dylib normal (in target 'LocalScrollWidget' from project 'LocalScroll')
    cd /Users/ipanda/Documents/Code/iosproject/LocalScroll_Xcode
    /Applications/Xcode.app/Contents/Developer/Toolchains/XcodeDefault.xctoolchain/usr/bin/clang -Xlinker -reproducible -target arm64-apple-ios18.2-simulator -dynamiclib -isysroot /Applications/Xcode.app/Contents/Developer/Platforms/iPhoneSimulator.platform/Developer/SDKs/iPhoneSimulator26.5.sdk -O0 -L/tmp/LocalScrollDerived/Build/Intermediates.noindex/EagerLinkingTBDs/Debug-iphonesimulator -L/tmp/LocalScrollDerived/Build/Products/Debug-iphonesimulator -F/tmp/LocalScrollDerived/Build/Intermediates.noindex/EagerLinkingTBDs/Debug-iphonesimulator -F/tmp/LocalScrollDerived/Build/Products/Debug-iphonesimulator -filelist /tmp/LocalScrollDerived/Build/Intermediates.noindex/LocalScroll.build/Debug-iphonesimulator/LocalScrollWidget.build/Objects-normal/arm64/LocalScrollWidget.LinkFileList -install_name @rpath/LocalScrollWidget.debug.dylib -Xlinker -rpath -Xlinker /usr/lib/swift -Xlinker -rpath -Xlinker @executable_path/Frameworks -Xlinker -rpath -Xlinker @executable_path/../../Frameworks -Xlinker -dead_strip -Xlinker -object_path_lto -Xlinker /tmp/LocalScrollDerived/Build/Intermediates.noindex/LocalScroll.build/Debug-iphonesimulator/LocalScrollWidget.build/Objects-normal/arm64/LocalScrollWidget_lto.o -rdynamic -Xlinker -no_deduplicate -Xlinker -objc_abi_version -Xlinker 2 -Xlinker -debug_variant -Xlinker -dependency_info -Xlinker /tmp/LocalScrollDerived/Build/Intermediates.noindex/LocalScroll.build/Debug-iphonesimulator/LocalScrollWidget.build/Objects-normal/arm64/LocalScrollWidget_dependency_info.dat -fapplication-extension -fobjc-link-runtime -fprofile-instr-generate -L/Applications/Xcode.app/Contents/Developer/Toolchains/XcodeDefault.xctoolchain/usr/lib/swift/iphonesimulator -L/usr/lib/swift -Xlinker -add_ast_path -Xlinker /tmp/LocalScrollDerived/Build/Intermediates.noindex/LocalScroll.build/Debug-iphonesimulator/LocalScrollWidget.build/Objects-normal/arm64/LocalScrollWidget.swiftmodule @/tmp/LocalScrollDerived/Build/Intermediates.noindex/LocalScroll.build/Debug-iphonesimulator/LocalScrollWidget.build/Objects-normal/arm64/LocalScrollWidget-linker-args.resp -Xlinker -alias -Xlinker _NSExtensionMain -Xlinker ___debug_main_executable_dylib_entry_point -o /tmp/LocalScrollDerived/Build/Products/Debug-iphonesimulator/LocalScrollWidget.appex/LocalScrollWidget.debug.dylib

SwiftExplicitDependencyGeneratePcm arm64 /tmp/LocalScrollDerived/ModuleCache.noindex/CoreVideo-9KWCZRVEX7XHE0YH7X0DFUPAD.pcm

SwiftExplicitDependencyGeneratePcm arm64 /tmp/LocalScrollDerived/ModuleCache.noindex/CoreMedia-9Z7Q4RAW4G6JWHOT8C06IZ1GE.pcm

SwiftExplicitDependencyGeneratePcm arm64 /tmp/LocalScrollDerived/ModuleCache.noindex/CoreImage-ETR11S782ASOFCXCRIYCGQPK8.pcm

SwiftExplicitDependencyGeneratePcm arm64 /tmp/LocalScrollDerived/ModuleCache.noindex/QuartzCore-DF8G7UQCEXCCINZ12C6LVQDB7.pcm

SwiftExplicitDependencyGeneratePcm arm64 /tmp/LocalScrollDerived/ModuleCache.noindex/Accelerate-CC9UDFABE7RHGUL6UD1IAID28.pcm

SwiftExplicitDependencyGeneratePcm arm64 /tmp/LocalScrollDerived/ModuleCache.noindex/CoreML-76MACIDYFLKY4CU2D18JS5MJU.pcm

SwiftExplicitDependencyGeneratePcm arm64 /tmp/LocalScrollDerived/ModuleCache.noindex/SwiftUICore-4KO3T95N10I0QW6W4L6CKEQXV.pcm

SwiftExplicitDependencyGeneratePcm arm64 /tmp/LocalScrollDerived/ModuleCache.noindex/MediaToolbox-9910Z5QPU1BQEJPFR94KPO03Z.pcm

SwiftExplicitDependencyGeneratePcm arm64 /tmp/LocalScrollDerived/ModuleCache.noindex/AVFAudio-2OZ3HXXLA3BZM9LLWS1U7K4SU.pcm

SwiftExplicitDependencyGeneratePcm arm64 /tmp/LocalScrollDerived/ModuleCache.noindex/Vision-DVAHAEAIG6GFS3IW4PNAEOJB1.pcm

SwiftExplicitDependencyGeneratePcm arm64 /tmp/LocalScrollDerived/ModuleCache.noindex/UIKit-37PR4V0CVXFKRGBHCXN3TX09.pcm

ConstructStubExecutorLinkFileList /tmp/LocalScrollDerived/Build/Intermediates.noindex/LocalScroll.build/Debug-iphonesimulator/LocalScrollWidget.build/LocalScrollWidget-ExecutorLinkFileList-normal-arm64.txt (in target 'LocalScrollWidget' from project 'LocalScroll')
    cd /Users/ipanda/Documents/Code/iosproject/LocalScroll_Xcode
    construct-stub-executor-link-file-list /tmp/LocalScrollDerived/Build/Products/Debug-iphonesimulator/LocalScrollWidget.appex/LocalScrollWidget.debug.dylib /Applications/Xcode.app/Contents/Developer/Platforms/iPhoneSimulator.platform/Developer/usr/lib/libPreviewsJITStubExecutor_no_swift_entry_point.a /Applications/Xcode.app/Contents/Developer/Platforms/iPhoneSimulator.platform/Developer/usr/lib/libPreviewsJITStubExecutor.a --output /tmp/LocalScrollDerived/Build/Intermediates.noindex/LocalScroll.build/Debug-iphonesimulator/LocalScrollWidget.build/LocalScrollWidget-ExecutorLinkFileList-normal-arm64.txt
note: Using stub executor library with Swift entry point. (in target 'LocalScrollWidget' from project 'LocalScroll')

Ld /tmp/LocalScrollDerived/Build/Products/Debug-iphonesimulator/LocalScrollWidget.appex/LocalScrollWidget normal (in target 'LocalScrollWidget' from project 'LocalScroll')
    cd /Users/ipanda/Documents/Code/iosproject/LocalScroll_Xcode
    /Applications/Xcode.app/Contents/Developer/Toolchains/XcodeDefault.xctoolchain/usr/bin/clang -Xlinker -reproducible -target arm64-apple-ios18.2-simulator -isysroot /Applications/Xcode.app/Contents/Developer/Platforms/iPhoneSimulator.platform/Developer/SDKs/iPhoneSimulator26.5.sdk -O0 -L/tmp/LocalScrollDerived/Build/Products/Debug-iphonesimulator -F/tmp/LocalScrollDerived/Build/Products/Debug-iphonesimulator -Xlinker -rpath -Xlinker @executable_path -Xlinker -rpath -Xlinker @executable_path/Frameworks -Xlinker -rpath -Xlinker @executable_path/../../Frameworks -rdynamic -Xlinker -no_deduplicate -Xlinker -objc_abi_version -Xlinker 2 -Xlinker -debug_variant -e ___debug_blank_executor_main -Xlinker -sectcreate -Xlinker __TEXT -Xlinker __debug_dylib -Xlinker /tmp/LocalScrollDerived/Build/Intermediates.noindex/LocalScroll.build/Debug-iphonesimulator/LocalScrollWidget.build/LocalScrollWidget-DebugDylibPath-normal-arm64.txt -Xlinker -sectcreate -Xlinker __TEXT -Xlinker __debug_entry -Xlinker /tmp/LocalScrollDerived/Build/Intermediates.noindex/LocalScroll.build/Debug-iphonesimulator/LocalScrollWidget.build/LocalScrollWidget-DebugEntryPoint-normal-arm64.txt -Xlinker -sectcreate -Xlinker __TEXT -Xlinker __debug_instlnm -Xlinker /tmp/LocalScrollDerived/Build/Intermediates.noindex/LocalScroll.build/Debug-iphonesimulator/LocalScrollWidget.build/LocalScrollWidget-DebugDylibInstallName-normal-arm64.txt -Xlinker -filelist -Xlinker /tmp/LocalScrollDerived/Build/Intermediates.noindex/LocalScroll.build/Debug-iphonesimulator/LocalScrollWidget.build/LocalScrollWidget-ExecutorLinkFileList-normal-arm64.txt /tmp/LocalScrollDerived/Build/Products/Debug-iphonesimulator/LocalScrollWidget.appex/LocalScrollWidget.debug.dylib -o /tmp/LocalScrollDerived/Build/Products/Debug-iphonesimulator/LocalScrollWidget.appex/LocalScrollWidget

ExtractAppIntentsMetadata (in target 'LocalScrollWidget' from project 'LocalScroll')
    cd /Users/ipanda/Documents/Code/iosproject/LocalScroll_Xcode
    /Applications/Xcode.app/Contents/Developer/Toolchains/XcodeDefault.xctoolchain/usr/bin/appintentsmetadataprocessor --toolchain-dir /Applications/Xcode.app/Contents/Developer/Toolchains/XcodeDefault.xctoolchain --module-name LocalScrollWidget --sdk-root /Applications/Xcode.app/Contents/Developer/Platforms/iPhoneSimulator.platform/Developer/SDKs/iPhoneSimulator26.5.sdk --xcode-version 17F42 --platform-family iOS --deployment-target 18.2 --bundle-identifier Aaron-Wang.LocalScroll.LocalScrollWidget --output /tmp/LocalScrollDerived/Build/Products/Debug-iphonesimulator/LocalScrollWidget.appex --target-triple arm64-apple-ios18.2-simulator --binary-file /tmp/LocalScrollDerived/Build/Products/Debug-iphonesimulator/LocalScrollWidget.appex/LocalScrollWidget --dependency-file /tmp/LocalScrollDerived/Build/Intermediates.noindex/LocalScroll.build/Debug-iphonesimulator/LocalScrollWidget.build/Objects-normal/arm64/LocalScrollWidget_dependency_info.dat --stringsdata-file /tmp/LocalScrollDerived/Build/Intermediates.noindex/LocalScroll.build/Debug-iphonesimulator/LocalScrollWidget.build/Objects-normal/arm64/ExtractedAppShortcutsMetadata.stringsdata --source-file-list /tmp/LocalScrollDerived/Build/Intermediates.noindex/LocalScroll.build/Debug-iphonesimulator/LocalScrollWidget.build/Objects-normal/arm64/LocalScrollWidget.SwiftFileList --metadata-file-list /tmp/LocalScrollDerived/Build/Intermediates.noindex/LocalScroll.build/Debug-iphonesimulator/LocalScrollWidget.build/LocalScrollWidget.DependencyMetadataFileList --static-metadata-file-list /tmp/LocalScrollDerived/Build/Intermediates.noindex/LocalScroll.build/Debug-iphonesimulator/LocalScrollWidget.build/LocalScrollWidget.DependencyStaticMetadataFileList --swift-const-vals-list /tmp/LocalScrollDerived/Build/Intermediates.noindex/LocalScroll.build/Debug-iphonesimulator/LocalScrollWidget.build/Objects-normal/arm64/LocalScrollWidget.SwiftConstValuesFileList --compile-time-extraction --deployment-aware-processing --validate-assistant-intents --no-app-shortcuts-localization
2026-06-05 15:45:14.378 appintentsmetadataprocessor[24112:719931] Starting appintentsmetadataprocessor export
2026-06-05 15:45:14.385 appintentsmetadataprocessor[24112:719931] Extracted no relevant App Intents symbols, skipping writing output

AppIntentsSSUTraining (in target 'LocalScrollWidget' from project 'LocalScroll')
    cd /Users/ipanda/Documents/Code/iosproject/LocalScroll_Xcode
    /Applications/Xcode.app/Contents/Developer/Toolchains/XcodeDefault.xctoolchain/usr/bin/appintentsnltrainingprocessor --infoplist-path /tmp/LocalScrollDerived/Build/Products/Debug-iphonesimulator/LocalScrollWidget.appex/Info.plist --temp-dir-path /tmp/LocalScrollDerived/Build/Intermediates.noindex/LocalScroll.build/Debug-iphonesimulator/LocalScrollWidget.build/ssu --bundle-id Aaron-Wang.LocalScroll.LocalScrollWidget --product-path /tmp/LocalScrollDerived/Build/Products/Debug-iphonesimulator/LocalScrollWidget.appex --extracted-metadata-path /tmp/LocalScrollDerived/Build/Products/Debug-iphonesimulator/LocalScrollWidget.appex/Metadata.appintents --metadata-file-list /tmp/LocalScrollDerived/Build/Intermediates.noindex/LocalScroll.build/Debug-iphonesimulator/LocalScrollWidget.build/LocalScrollWidget.DependencyMetadataFileList --source-file /tmp/LocalScrollDerived/Build/Products/Debug-iphonesimulator/LocalScrollWidget.appex/Info.plist --archive-ssu-assets
2026-06-05 15:45:14.401 appintentsnltrainingprocessor[24113:719934] Parsing options for appintentsnltrainingprocessor
2026-06-05 15:45:14.402 appintentsnltrainingprocessor[24113:719934] Starting AppIntents SSU YAML Generation
2026-06-05 15:45:14.402 appintentsnltrainingprocessor[24113:719934] No AppShortcuts found - Skipping.

RegisterExecutionPolicyException /tmp/LocalScrollDerived/Build/Products/Debug-iphonesimulator/LocalScrollWidget.appex (in target 'LocalScrollWidget' from project 'LocalScroll')
    cd /Users/ipanda/Documents/Code/iosproject/LocalScroll_Xcode
    builtin-RegisterExecutionPolicyException /tmp/LocalScrollDerived/Build/Products/Debug-iphonesimulator/LocalScrollWidget.appex

SwiftExplicitDependencyGeneratePcm arm64 /tmp/LocalScrollDerived/ModuleCache.noindex/AVFoundation-A0LJWS51FJZRWR3TZVVCBWW4B.pcm

Touch /tmp/LocalScrollDerived/Build/Products/Debug-iphonesimulator/LocalScrollWidget.appex (in target 'LocalScrollWidget' from project 'LocalScroll')
    cd /Users/ipanda/Documents/Code/iosproject/LocalScroll_Xcode
    /usr/bin/touch -c /tmp/LocalScrollDerived/Build/Products/Debug-iphonesimulator/LocalScrollWidget.appex

ValidateDevelopmentAssets /tmp/LocalScrollDerived/Build/Intermediates.noindex/LocalScroll.build/Debug-iphonesimulator/LocalScroll.build (in target 'LocalScroll' from project 'LocalScroll')
    cd /Users/ipanda/Documents/Code/iosproject/LocalScroll_Xcode
    builtin-validate-development-assets --validate YES_ERROR /Users/ipanda/Documents/Code/iosproject/LocalScroll_Xcode/LocalScroll/Preview\ Content

CpResource /tmp/LocalScrollDerived/Build/Products/Debug-iphonesimulator/LocalScroll.app/PrivacyInfo.xcprivacy /Users/ipanda/Documents/Code/iosproject/LocalScroll_Xcode/LocalScroll/PrivacyInfo.xcprivacy (in target 'LocalScroll' from project 'LocalScroll')
    cd /Users/ipanda/Documents/Code/iosproject/LocalScroll_Xcode
    builtin-copy -exclude .DS_Store -exclude CVS -exclude .svn -exclude .git -exclude .hg -resolve-src-symlinks /Users/ipanda/Documents/Code/iosproject/LocalScroll_Xcode/LocalScroll/PrivacyInfo.xcprivacy /tmp/LocalScrollDerived/Build/Products/Debug-iphonesimulator/LocalScroll.app

Copy /tmp/LocalScrollDerived/Build/Products/Debug-iphonesimulator/LocalScroll.app/Frameworks/libXCTestSwiftSupport.dylib /Applications/Xcode.app/Contents/Developer/Platforms/iPhoneSimulator.platform/Developer/usr/lib/libXCTestSwiftSupport.dylib (in target 'LocalScroll' from project 'LocalScroll')
    cd /Users/ipanda/Documents/Code/iosproject/LocalScroll_Xcode
    builtin-copy -exclude .DS_Store -exclude CVS -exclude .svn -exclude .git -exclude .hg -exclude Headers -exclude PrivateHeaders -exclude Modules -exclude \*.tbd -resolve-src-symlinks /Applications/Xcode.app/Contents/Developer/Platforms/iPhoneSimulator.platform/Developer/usr/lib/libXCTestSwiftSupport.dylib /tmp/LocalScrollDerived/Build/Products/Debug-iphonesimulator/LocalScroll.app/Frameworks

Copy /tmp/LocalScrollDerived/Build/Products/Debug-iphonesimulator/LocalScroll.app/Frameworks/libXCTestBundleInject.dylib /Applications/Xcode.app/Contents/Developer/Platforms/iPhoneSimulator.platform/Developer/usr/lib/libXCTestBundleInject.dylib (in target 'LocalScroll' from project 'LocalScroll')
    cd /Users/ipanda/Documents/Code/iosproject/LocalScroll_Xcode
    builtin-copy -exclude .DS_Store -exclude CVS -exclude .svn -exclude .git -exclude .hg -exclude Headers -exclude PrivateHeaders -exclude Modules -exclude \*.tbd -resolve-src-symlinks /Applications/Xcode.app/Contents/Developer/Platforms/iPhoneSimulator.platform/Developer/usr/lib/libXCTestBundleInject.dylib /tmp/LocalScrollDerived/Build/Products/Debug-iphonesimulator/LocalScroll.app/Frameworks

Copy /tmp/LocalScrollDerived/Build/Products/Debug-iphonesimulator/LocalScroll.app/Frameworks/XCUIAutomation.framework /Applications/Xcode.app/Contents/Developer/Platforms/iPhoneSimulator.platform/Developer/Library/Frameworks/XCUIAutomation.framework (in target 'LocalScroll' from project 'LocalScroll')
    cd /Users/ipanda/Documents/Code/iosproject/LocalScroll_Xcode
    builtin-copy -exclude .DS_Store -exclude CVS -exclude .svn -exclude .git -exclude .hg -exclude Headers -exclude PrivateHeaders -exclude Modules -exclude \*.tbd -resolve-src-symlinks /Applications/Xcode.app/Contents/Developer/Platforms/iPhoneSimulator.platform/Developer/Library/Frameworks/XCUIAutomation.framework /tmp/LocalScrollDerived/Build/Products/Debug-iphonesimulator/LocalScroll.app/Frameworks

Copy /tmp/LocalScrollDerived/Build/Products/Debug-iphonesimulator/LocalScroll.app/Frameworks/XCUnit.framework /Applications/Xcode.app/Contents/Developer/Platforms/iPhoneSimulator.platform/Developer/Library/PrivateFrameworks/XCUnit.framework (in target 'LocalScroll' from project 'LocalScroll')
    cd /Users/ipanda/Documents/Code/iosproject/LocalScroll_Xcode
    builtin-copy -exclude .DS_Store -exclude CVS -exclude .svn -exclude .git -exclude .hg -exclude Headers -exclude PrivateHeaders -exclude Modules -exclude \*.tbd -resolve-src-symlinks /Applications/Xcode.app/Contents/Developer/Platforms/iPhoneSimulator.platform/Developer/Library/PrivateFrameworks/XCUnit.framework /tmp/LocalScrollDerived/Build/Products/Debug-iphonesimulator/LocalScroll.app/Frameworks

Copy /tmp/LocalScrollDerived/Build/Products/Debug-iphonesimulator/LocalScroll.app/Frameworks/XCTestCore.framework /Applications/Xcode.app/Contents/Developer/Platforms/iPhoneSimulator.platform/Developer/Library/PrivateFrameworks/XCTestCore.framework (in target 'LocalScroll' from project 'LocalScroll')
    cd /Users/ipanda/Documents/Code/iosproject/LocalScroll_Xcode
    builtin-copy -exclude .DS_Store -exclude CVS -exclude .svn -exclude .git -exclude .hg -exclude Headers -exclude PrivateHeaders -exclude Modules -exclude \*.tbd -resolve-src-symlinks /Applications/Xcode.app/Contents/Developer/Platforms/iPhoneSimulator.platform/Developer/Library/PrivateFrameworks/XCTestCore.framework /tmp/LocalScrollDerived/Build/Products/Debug-iphonesimulator/LocalScroll.app/Frameworks

Copy /tmp/LocalScrollDerived/Build/Products/Debug-iphonesimulator/LocalScroll.app/Frameworks/XCTAutomationSupport.framework /Applications/Xcode.app/Contents/Developer/Platforms/iPhoneSimulator.platform/Developer/Library/PrivateFrameworks/XCTAutomationSupport.framework (in target 'LocalScroll' from project 'LocalScroll')
    cd /Users/ipanda/Documents/Code/iosproject/LocalScroll_Xcode
    builtin-copy -exclude .DS_Store -exclude CVS -exclude .svn -exclude .git -exclude .hg -exclude Headers -exclude PrivateHeaders -exclude Modules -exclude \*.tbd -resolve-src-symlinks /Applications/Xcode.app/Contents/Developer/Platforms/iPhoneSimulator.platform/Developer/Library/PrivateFrameworks/XCTAutomationSupport.framework /tmp/LocalScrollDerived/Build/Products/Debug-iphonesimulator/LocalScroll.app/Frameworks

Copy /tmp/LocalScrollDerived/Build/Products/Debug-iphonesimulator/LocalScroll.app/Frameworks/XCTestSupport.framework /Applications/Xcode.app/Contents/Developer/Platforms/iPhoneSimulator.platform/Developer/Library/PrivateFrameworks/XCTestSupport.framework (in target 'LocalScroll' from project 'LocalScroll')
    cd /Users/ipanda/Documents/Code/iosproject/LocalScroll_Xcode
    builtin-copy -exclude .DS_Store -exclude CVS -exclude .svn -exclude .git -exclude .hg -exclude Headers -exclude PrivateHeaders -exclude Modules -exclude \*.tbd -resolve-src-symlinks /Applications/Xcode.app/Contents/Developer/Platforms/iPhoneSimulator.platform/Developer/Library/PrivateFrameworks/XCTestSupport.framework /tmp/LocalScrollDerived/Build/Products/Debug-iphonesimulator/LocalScroll.app/Frameworks

Copy /tmp/LocalScrollDerived/Build/Products/Debug-iphonesimulator/LocalScroll.app/Frameworks/Testing.framework /Applications/Xcode.app/Contents/Developer/Platforms/iPhoneSimulator.platform/Developer/Library/Frameworks/Testing.framework (in target 'LocalScroll' from project 'LocalScroll')
    cd /Users/ipanda/Documents/Code/iosproject/LocalScroll_Xcode
    builtin-copy -exclude .DS_Store -exclude CVS -exclude .svn -exclude .git -exclude .hg -exclude Headers -exclude PrivateHeaders -exclude Modules -exclude \*.tbd -resolve-src-symlinks /Applications/Xcode.app/Contents/Developer/Platforms/iPhoneSimulator.platform/Developer/Library/Frameworks/Testing.framework /tmp/LocalScrollDerived/Build/Products/Debug-iphonesimulator/LocalScroll.app/Frameworks

Ld /tmp/LocalScrollDerived/Build/Products/Debug-iphonesimulator/LocalScroll.app/__preview.dylib normal (in target 'LocalScroll' from project 'LocalScroll')
    cd /Users/ipanda/Documents/Code/iosproject/LocalScroll_Xcode
    /Applications/Xcode.app/Contents/Developer/Toolchains/XcodeDefault.xctoolchain/usr/bin/clang -Xlinker -reproducible -target arm64-apple-ios18.2-simulator -dynamiclib -isysroot /Applications/Xcode.app/Contents/Developer/Platforms/iPhoneSimulator.platform/Developer/SDKs/iPhoneSimulator26.5.sdk -O0 -L/tmp/LocalScrollDerived/Build/Products/Debug-iphonesimulator -F/tmp/LocalScrollDerived/Build/Products/Debug-iphonesimulator/PackageFrameworks -F/tmp/LocalScrollDerived/Build/Products/Debug-iphonesimulator -install_name @rpath/LocalScroll.debug.dylib -Xlinker -dead_strip -rdynamic -Xlinker -no_deduplicate -Xlinker -objc_abi_version -Xlinker 2 -Xlinker -debug_variant -Xlinker -dependency_info -Xlinker /tmp/LocalScrollDerived/Build/Intermediates.noindex/LocalScroll.build/Debug-iphonesimulator/LocalScroll.build/Objects-normal/arm64/LocalScroll_dependency_info.dat -o /tmp/LocalScrollDerived/Build/Products/Debug-iphonesimulator/LocalScroll.app/__preview.dylib

Copy /tmp/LocalScrollDerived/Build/Products/Debug-iphonesimulator/LocalScroll.app/Frameworks/XCTest.framework /Applications/Xcode.app/Contents/Developer/Platforms/iPhoneSimulator.platform/Developer/Library/Frameworks/XCTest.framework (in target 'LocalScroll' from project 'LocalScroll')
    cd /Users/ipanda/Documents/Code/iosproject/LocalScroll_Xcode
    builtin-copy -exclude .DS_Store -exclude CVS -exclude .svn -exclude .git -exclude .hg -exclude Headers -exclude PrivateHeaders -exclude Modules -exclude \*.tbd -resolve-src-symlinks /Applications/Xcode.app/Contents/Developer/Platforms/iPhoneSimulator.platform/Developer/Library/Frameworks/XCTest.framework /tmp/LocalScrollDerived/Build/Products/Debug-iphonesimulator/LocalScroll.app/Frameworks

SwiftExplicitDependencyGeneratePcm arm64 /tmp/LocalScrollDerived/ModuleCache.noindex/Photos-RHQCFI3S7X290ZZUAT7Q4VSM.pcm

SwiftExplicitDependencyGeneratePcm arm64 /tmp/LocalScrollDerived/ModuleCache.noindex/SwiftUI-5S9HTEZN5G0AH6WB5U6LRMN88.pcm

SwiftExplicitDependencyGeneratePcm arm64 /tmp/LocalScrollDerived/ModuleCache.noindex/PhotosUI-20FK4P2IQFNKP8FQKEFIKAGZS.pcm

SwiftEmitModule normal arm64 Emitting\ module\ for\ LocalScroll (in target 'LocalScroll' from project 'LocalScroll')

EmitSwiftModule normal arm64 (in target 'LocalScroll' from project 'LocalScroll')
    cd /Users/ipanda/Documents/Code/iosproject/LocalScroll_Xcode
    

SwiftCompile normal arm64 Compiling\ ThumbnailImage.swift /Users/ipanda/Documents/Code/iosproject/LocalScroll_Xcode/LocalScroll/Views/ThumbnailImage.swift (in target 'LocalScroll' from project 'LocalScroll')

SwiftCompile normal arm64 /Users/ipanda/Documents/Code/iosproject/LocalScroll_Xcode/LocalScroll/Views/ThumbnailImage.swift (in target 'LocalScroll' from project 'LocalScroll')
    cd /Users/ipanda/Documents/Code/iosproject/LocalScroll_Xcode
    

SwiftCompile normal arm64 Compiling\ ContentView.swift /Users/ipanda/Documents/Code/iosproject/LocalScroll_Xcode/LocalScroll/ContentView.swift (in target 'LocalScroll' from project 'LocalScroll')
SwiftCompile normal arm64 /Users/ipanda/Documents/Code/iosproject/LocalScroll_Xcode/LocalScroll/ContentView.swift (in target 'LocalScroll' from project 'LocalScroll')
    cd /Users/ipanda/Documents/Code/iosproject/LocalScroll_Xcode
    

SwiftCompile normal arm64 Compiling\ GeneratedAssetSymbols.swift /tmp/LocalScrollDerived/Build/Intermediates.noindex/LocalScroll.build/Debug-iphonesimulator/LocalScroll.build/DerivedSources/GeneratedAssetSymbols.swift (in target 'LocalScroll' from project 'LocalScroll')

SwiftCompile normal arm64 /tmp/LocalScrollDerived/Build/Intermediates.noindex/LocalScroll.build/Debug-iphonesimulator/LocalScroll.build/DerivedSources/GeneratedAssetSymbols.swift (in target 'LocalScroll' from project 'LocalScroll')
    cd /Users/ipanda/Documents/Code/iosproject/LocalScroll_Xcode
    

SwiftCompile normal arm64 Compiling\ HistoryListView.swift,\ SettingsView.swift /Users/ipanda/Documents/Code/iosproject/LocalScroll_Xcode/LocalScroll/Views/HistoryListView.swift /Users/ipanda/Documents/Code/iosproject/LocalScroll_Xcode/LocalScroll/Views/SettingsView.swift (in target 'LocalScroll' from project 'LocalScroll')

SwiftCompile normal arm64 /Users/ipanda/Documents/Code/iosproject/LocalScroll_Xcode/LocalScroll/Views/HistoryListView.swift (in target 'LocalScroll' from project 'LocalScroll')
    cd /Users/ipanda/Documents/Code/iosproject/LocalScroll_Xcode
    

SwiftCompile normal arm64 /Users/ipanda/Documents/Code/iosproject/LocalScroll_Xcode/LocalScroll/Views/SettingsView.swift (in target 'LocalScroll' from project 'LocalScroll')
    cd /Users/ipanda/Documents/Code/iosproject/LocalScroll_Xcode
    

SwiftCompile normal arm64 Compiling\ ProcessingCheckpoint.swift,\ ProcessingVideoStore.swift /Users/ipanda/Documents/Code/iosproject/LocalScroll_Xcode/LocalScroll/Persistence/ProcessingCheckpoint.swift /Users/ipanda/Documents/Code/iosproject/LocalScroll_Xcode/LocalScroll/Persistence/ProcessingVideoStore.swift (in target 'LocalScroll' from project 'LocalScroll')

SwiftCompile normal arm64 /Users/ipanda/Documents/Code/iosproject/LocalScroll_Xcode/LocalScroll/Persistence/ProcessingCheckpoint.swift (in target 'LocalScroll' from project 'LocalScroll')
    cd /Users/ipanda/Documents/Code/iosproject/LocalScroll_Xcode
    

SwiftCompile normal arm64 /Users/ipanda/Documents/Code/iosproject/LocalScroll_Xcode/LocalScroll/Persistence/ProcessingVideoStore.swift (in target 'LocalScroll' from project 'LocalScroll')
    cd /Users/ipanda/Documents/Code/iosproject/LocalScroll_Xcode
    

SwiftCompile normal arm64 Compiling\ QueueItem.swift,\ QualityPreset.swift /Users/ipanda/Documents/Code/iosproject/LocalScroll_Xcode/LocalScroll/Queue/QueueItem.swift /Users/ipanda/Documents/Code/iosproject/LocalScroll_Xcode/LocalScroll/Settings/QualityPreset.swift (in target 'LocalScroll' from project 'LocalScroll')

SwiftCompile normal arm64 /Users/ipanda/Documents/Code/iosproject/LocalScroll_Xcode/LocalScroll/Queue/QueueItem.swift (in target 'LocalScroll' from project 'LocalScroll')
    cd /Users/ipanda/Documents/Code/iosproject/LocalScroll_Xcode
    

SwiftCompile normal arm64 /Users/ipanda/Documents/Code/iosproject/LocalScroll_Xcode/LocalScroll/Settings/QualityPreset.swift (in target 'LocalScroll' from project 'LocalScroll')
    cd /Users/ipanda/Documents/Code/iosproject/LocalScroll_Xcode
    

SwiftCompile normal arm64 Compiling\ VideoCacheStore.swift,\ VideoThumbnail.swift /Users/ipanda/Documents/Code/iosproject/LocalScroll_Xcode/LocalScroll/Persistence/VideoCacheStore.swift /Users/ipanda/Documents/Code/iosproject/LocalScroll_Xcode/LocalScroll/Persistence/VideoThumbnail.swift (in target 'LocalScroll' from project 'LocalScroll')

SwiftCompile normal arm64 /Users/ipanda/Documents/Code/iosproject/LocalScroll_Xcode/LocalScroll/Persistence/VideoCacheStore.swift (in target 'LocalScroll' from project 'LocalScroll')
    cd /Users/ipanda/Documents/Code/iosproject/LocalScroll_Xcode
    

SwiftCompile normal arm64 /Users/ipanda/Documents/Code/iosproject/LocalScroll_Xcode/LocalScroll/Persistence/VideoThumbnail.swift (in target 'LocalScroll' from project 'LocalScroll')
    cd /Users/ipanda/Documents/Code/iosproject/LocalScroll_Xcode
    

SwiftCompile normal arm64 Compiling\ SelectedMovie.swift,\ HistoryRecord.swift /Users/ipanda/Documents/Code/iosproject/LocalScroll_Xcode/LocalScroll/Features/SelectedMovie.swift /Users/ipanda/Documents/Code/iosproject/LocalScroll_Xcode/LocalScroll/Persistence/HistoryRecord.swift (in target 'LocalScroll' from project 'LocalScroll')

SwiftCompile normal arm64 /Users/ipanda/Documents/Code/iosproject/LocalScroll_Xcode/LocalScroll/Features/SelectedMovie.swift (in target 'LocalScroll' from project 'LocalScroll')
    cd /Users/ipanda/Documents/Code/iosproject/LocalScroll_Xcode
    

SwiftCompile normal arm64 /Users/ipanda/Documents/Code/iosproject/LocalScroll_Xcode/LocalScroll/Persistence/HistoryRecord.swift (in target 'LocalScroll' from project 'LocalScroll')
    cd /Users/ipanda/Documents/Code/iosproject/LocalScroll_Xcode
    

SwiftCompile normal arm64 Compiling\ CachedVideoManagerView.swift,\ HistoryDetailView.swift /Users/ipanda/Documents/Code/iosproject/LocalScroll_Xcode/LocalScroll/Views/CachedVideoManagerView.swift /Users/ipanda/Documents/Code/iosproject/LocalScroll_Xcode/LocalScroll/Views/HistoryDetailView.swift (in target 'LocalScroll' from project 'LocalScroll')

SwiftCompile normal arm64 /Users/ipanda/Documents/Code/iosproject/LocalScroll_Xcode/LocalScroll/Views/CachedVideoManagerView.swift (in target 'LocalScroll' from project 'LocalScroll')
    cd /Users/ipanda/Documents/Code/iosproject/LocalScroll_Xcode
    

SwiftCompile normal arm64 /Users/ipanda/Documents/Code/iosproject/LocalScroll_Xcode/LocalScroll/Views/HistoryDetailView.swift (in target 'LocalScroll' from project 'LocalScroll')
    cd /Users/ipanda/Documents/Code/iosproject/LocalScroll_Xcode
    

SwiftCompile normal arm64 Compiling\ FoundationModelTranscriptCleaner.swift,\ FoundationModelTranscriptSummarizer.swift /Users/ipanda/Documents/Code/iosproject/LocalScroll_Xcode/LocalScroll/Adapters/FoundationModelTranscriptCleaner.swift /Users/ipanda/Documents/Code/iosproject/LocalScroll_Xcode/LocalScroll/Adapters/FoundationModelTranscriptSummarizer.swift (in target 'LocalScroll' from project 'LocalScroll')

SwiftCompile normal arm64 /Users/ipanda/Documents/Code/iosproject/LocalScroll_Xcode/LocalScroll/Adapters/FoundationModelTranscriptCleaner.swift (in target 'LocalScroll' from project 'LocalScroll')
    cd /Users/ipanda/Documents/Code/iosproject/LocalScroll_Xcode
    

SwiftCompile normal arm64 /Users/ipanda/Documents/Code/iosproject/LocalScroll_Xcode/LocalScroll/Adapters/FoundationModelTranscriptSummarizer.swift (in target 'LocalScroll' from project 'LocalScroll')
    cd /Users/ipanda/Documents/Code/iosproject/LocalScroll_Xcode
    

SwiftCompile normal arm64 Compiling\ Pipeline.swift,\ ProcessingViewModel.swift /Users/ipanda/Documents/Code/iosproject/LocalScroll_Xcode/LocalScroll/Pipeline/Pipeline.swift /Users/ipanda/Documents/Code/iosproject/LocalScroll_Xcode/LocalScroll/Queue/ProcessingViewModel.swift (in target 'LocalScroll' from project 'LocalScroll')
SwiftCompile normal arm64 /Users/ipanda/Documents/Code/iosproject/LocalScroll_Xcode/LocalScroll/Pipeline/Pipeline.swift (in target 'LocalScroll' from project 'LocalScroll')
    cd /Users/ipanda/Documents/Code/iosproject/LocalScroll_Xcode
    

SwiftCompile normal arm64 /Users/ipanda/Documents/Code/iosproject/LocalScroll_Xcode/LocalScroll/Queue/ProcessingViewModel.swift (in target 'LocalScroll' from project 'LocalScroll')
    cd /Users/ipanda/Documents/Code/iosproject/LocalScroll_Xcode
    

SwiftCompile normal arm64 Compiling\ BackgroundTaskController.swift,\ ProcessingLiveActivity.swift /Users/ipanda/Documents/Code/iosproject/LocalScroll_Xcode/LocalScroll/Background/BackgroundTaskController.swift /Users/ipanda/Documents/Code/iosproject/LocalScroll_Xcode/LocalScroll/Background/ProcessingLiveActivity.swift (in target 'LocalScroll' from project 'LocalScroll')

SwiftCompile normal arm64 /Users/ipanda/Documents/Code/iosproject/LocalScroll_Xcode/LocalScroll/Background/BackgroundTaskController.swift (in target 'LocalScroll' from project 'LocalScroll')
    cd /Users/ipanda/Documents/Code/iosproject/LocalScroll_Xcode
    

SwiftCompile normal arm64 /Users/ipanda/Documents/Code/iosproject/LocalScroll_Xcode/LocalScroll/Background/ProcessingLiveActivity.swift (in target 'LocalScroll' from project 'LocalScroll')
    cd /Users/ipanda/Documents/Code/iosproject/LocalScroll_Xcode
    

SwiftCompile normal arm64 Compiling\ LocalScrollApp.swift /Users/ipanda/Documents/Code/iosproject/LocalScroll_Xcode/LocalScroll/LocalScrollApp.swift (in target 'LocalScroll' from project 'LocalScroll')

SwiftCompile normal arm64 /Users/ipanda/Documents/Code/iosproject/LocalScroll_Xcode/LocalScroll/LocalScrollApp.swift (in target 'LocalScroll' from project 'LocalScroll')
    cd /Users/ipanda/Documents/Code/iosproject/LocalScroll_Xcode
    

SwiftCompile normal arm64 Compiling\ AVAssetVideoSource.swift,\ CoreImagePreprocessor.swift /Users/ipanda/Documents/Code/iosproject/LocalScroll_Xcode/LocalScroll/Adapters/AVAssetVideoSource.swift /Users/ipanda/Documents/Code/iosproject/LocalScroll_Xcode/LocalScroll/Adapters/CoreImagePreprocessor.swift (in target 'LocalScroll' from project 'LocalScroll')

SwiftCompile normal arm64 /Users/ipanda/Documents/Code/iosproject/LocalScroll_Xcode/LocalScroll/Adapters/AVAssetVideoSource.swift (in target 'LocalScroll' from project 'LocalScroll')
    cd /Users/ipanda/Documents/Code/iosproject/LocalScroll_Xcode
    

SwiftCompile normal arm64 /Users/ipanda/Documents/Code/iosproject/LocalScroll_Xcode/LocalScroll/Adapters/CoreImagePreprocessor.swift (in target 'LocalScroll' from project 'LocalScroll')
    cd /Users/ipanda/Documents/Code/iosproject/LocalScroll_Xcode
    

SwiftCompile normal arm64 Compiling\ VisionOCRBackend.swift,\ BackgroundProcessingScheduler.swift /Users/ipanda/Documents/Code/iosproject/LocalScroll_Xcode/LocalScroll/Adapters/VisionOCRBackend.swift /Users/ipanda/Documents/Code/iosproject/LocalScroll_Xcode/LocalScroll/Background/BackgroundProcessingScheduler.swift (in target 'LocalScroll' from project 'LocalScroll')

SwiftCompile normal arm64 /Users/ipanda/Documents/Code/iosproject/LocalScroll_Xcode/LocalScroll/Adapters/VisionOCRBackend.swift (in target 'LocalScroll' from project 'LocalScroll')
    cd /Users/ipanda/Documents/Code/iosproject/LocalScroll_Xcode
    

SwiftCompile normal arm64 /Users/ipanda/Documents/Code/iosproject/LocalScroll_Xcode/LocalScroll/Background/BackgroundProcessingScheduler.swift (in target 'LocalScroll' from project 'LocalScroll')
    cd /Users/ipanda/Documents/Code/iosproject/LocalScroll_Xcode
    

SwiftCompile normal arm64 Compiling\ Protocols.swift,\ VisionMotionEstimator.swift /Users/ipanda/Documents/Code/iosproject/LocalScroll_Xcode/LocalScroll/Adapters/Protocols.swift /Users/ipanda/Documents/Code/iosproject/LocalScroll_Xcode/LocalScroll/Adapters/VisionMotionEstimator.swift (in target 'LocalScroll' from project 'LocalScroll')

SwiftCompile normal arm64 /Users/ipanda/Documents/Code/iosproject/LocalScroll_Xcode/LocalScroll/Adapters/Protocols.swift (in target 'LocalScroll' from project 'LocalScroll')
    cd /Users/ipanda/Documents/Code/iosproject/LocalScroll_Xcode
    

SwiftCompile normal arm64 /Users/ipanda/Documents/Code/iosproject/LocalScroll_Xcode/LocalScroll/Adapters/VisionMotionEstimator.swift (in target 'LocalScroll' from project 'LocalScroll')
    cd /Users/ipanda/Documents/Code/iosproject/LocalScroll_Xcode
    

SwiftDriverJobDiscovery normal arm64 Compiling GeneratedAssetSymbols.swift (in target 'LocalScroll' from project 'LocalScroll')

SwiftDriverJobDiscovery normal arm64 Compiling ThumbnailImage.swift (in target 'LocalScroll' from project 'LocalScroll')

SwiftDriverJobDiscovery normal arm64 Compiling BackgroundTaskController.swift, ProcessingLiveActivity.swift (in target 'LocalScroll' from project 'LocalScroll')

SwiftDriverJobDiscovery normal arm64 Compiling LocalScrollApp.swift (in target 'LocalScroll' from project 'LocalScroll')

SwiftDriverJobDiscovery normal arm64 Compiling FoundationModelTranscriptCleaner.swift, FoundationModelTranscriptSummarizer.swift (in target 'LocalScroll' from project 'LocalScroll')

SwiftDriverJobDiscovery normal arm64 Compiling ProcessingCheckpoint.swift, ProcessingVideoStore.swift (in target 'LocalScroll' from project 'LocalScroll')

SwiftDriverJobDiscovery normal arm64 Emitting module for LocalScroll (in target 'LocalScroll' from project 'LocalScroll')

SwiftDriver\ Compilation\ Requirements LocalScroll normal arm64 com.apple.xcode.tools.swift.compiler (in target 'LocalScroll' from project 'LocalScroll')
    cd /Users/ipanda/Documents/Code/iosproject/LocalScroll_Xcode
    builtin-Swift-Compilation-Requirements -- /Applications/Xcode.app/Contents/Developer/Toolchains/XcodeDefault.xctoolchain/usr/bin/swiftc -module-name LocalScroll -Onone @/tmp/LocalScrollDerived/Build/Intermediates.noindex/LocalScroll.build/Debug-iphonesimulator/LocalScroll.build/Objects-normal/arm64/LocalScroll.SwiftFileList -DDEBUG -enable-bare-slash-regex -enable-experimental-feature DebugDescriptionMacro -sdk /Applications/Xcode.app/Contents/Developer/Platforms/iPhoneSimulator.platform/Developer/SDKs/iPhoneSimulator26.5.sdk -target arm64-apple-ios18.2-simulator -g -module-cache-path /tmp/LocalScrollDerived/ModuleCache.noindex -Xfrontend -serialize-debugging-options -profile-coverage-mapping -profile-generate -enable-testing -index-store-path /tmp/LocalScrollDerived/Index.noindex/DataStore -Xcc -D_LIBCPP_HARDENING_MODE\=_LIBCPP_HARDENING_MODE_DEBUG -swift-version 5 -I /tmp/LocalScrollDerived/Build/Products/Debug-iphonesimulator -F /tmp/LocalScrollDerived/Build/Products/Debug-iphonesimulator/PackageFrameworks -F /tmp/LocalScrollDerived/Build/Products/Debug-iphonesimulator -emit-localized-strings -emit-localized-strings-path /tmp/LocalScrollDerived/Build/Intermediates.noindex/LocalScroll.build/Debug-iphonesimulator/LocalScroll.build/Objects-normal/arm64 -c -j16 -enable-batch-mode -incremental -Xcc -ivfsstatcache -Xcc /tmp/LocalScrollDerived/SDKStatCaches.noindex/iphonesimulator26.5-23F73-6cfe768891a92b912361537c460fe42b.sdkstatcache -output-file-map /tmp/LocalScrollDerived/Build/Intermediates.noindex/LocalScroll.build/Debug-iphonesimulator/LocalScroll.build/Objects-normal/arm64/LocalScroll-OutputFileMap.json -use-frontend-parseable-output -save-temps -no-color-diagnostics -explicit-module-build -module-cache-path /tmp/LocalScrollDerived/Build/Intermediates.noindex/SwiftExplicitPrecompiledModules -clang-scanner-module-cache-path /tmp/LocalScrollDerived/ModuleCache.noindex -sdk-module-cache-path /tmp/LocalScrollDerived/ModuleCache.noindex -serialize-diagnostics -emit-dependencies -emit-module -emit-module-path /tmp/LocalScrollDerived/Build/Intermediates.noindex/LocalScroll.build/Debug-iphonesimulator/LocalScroll.build/Objects-normal/arm64/LocalScroll.swiftmodule -validate-clang-modules-once -clang-build-session-file /tmp/LocalScrollDerived/ModuleCache.noindex/Session.modulevalidation -Xcc -I/tmp/LocalScrollDerived/Build/Intermediates.noindex/LocalScroll.build/Debug-iphonesimulator/LocalScroll.build/swift-overrides.hmap -emit-const-values -Xfrontend -const-gather-protocols-file -Xfrontend /tmp/LocalScrollDerived/Build/Intermediates.noindex/LocalScroll.build/Debug-iphonesimulator/LocalScroll.build/Objects-normal/arm64/LocalScroll_const_extract_protocols.json -Xcc -iquote -Xcc /tmp/LocalScrollDerived/Build/Intermediates.noindex/LocalScroll.build/Debug-iphonesimulator/LocalScroll.build/LocalScroll-generated-files.hmap -Xcc -I/tmp/LocalScrollDerived/Build/Intermediates.noindex/LocalScroll.build/Debug-iphonesimulator/LocalScroll.build/LocalScroll-own-target-headers.hmap -Xcc -I/tmp/LocalScrollDerived/Build/Intermediates.noindex/LocalScroll.build/Debug-iphonesimulator/LocalScroll.build/LocalScroll-all-non-framework-target-headers.hmap -Xcc -ivfsoverlay -Xcc /tmp/LocalScrollDerived/Build/Intermediates.noindex/LocalScroll.build/Debug-iphonesimulator/LocalScroll-b040b9c999c0951a7823b9397cd8b53e-VFS-iphonesimulator/all-product-headers.yaml -Xcc -iquote -Xcc /tmp/LocalScrollDerived/Build/Intermediates.noindex/LocalScroll.build/Debug-iphonesimulator/LocalScroll.build/LocalScroll-project-headers.hmap -Xcc -I/tmp/LocalScrollDerived/Build/Products/Debug-iphonesimulator/include -Xcc -I/tmp/LocalScrollDerived/Build/Intermediates.noindex/LocalScroll.build/Debug-iphonesimulator/LocalScroll.build/DerivedSources-normal/arm64 -Xcc -I/tmp/LocalScrollDerived/Build/Intermediates.noindex/LocalScroll.build/Debug-iphonesimulator/LocalScroll.build/DerivedSources/arm64 -Xcc -I/tmp/LocalScrollDerived/Build/Intermediates.noindex/LocalScroll.build/Debug-iphonesimulator/LocalScroll.build/DerivedSources -Xcc -DDEBUG\=1 -emit-objc-header -emit-objc-header-path /tmp/LocalScrollDerived/Build/Intermediates.noindex/LocalScroll.build/Debug-iphonesimulator/LocalScroll.build/Objects-normal/arm64/LocalScroll-Swift.h -working-directory /Users/ipanda/Documents/Code/iosproject/LocalScroll_Xcode -experimental-emit-module-separately -disable-cmo

SwiftMergeGeneratedHeaders /tmp/LocalScrollDerived/Build/Intermediates.noindex/LocalScroll.build/Debug-iphonesimulator/LocalScroll.build/DerivedSources/LocalScroll-Swift.h /tmp/LocalScrollDerived/Build/Intermediates.noindex/LocalScroll.build/Debug-iphonesimulator/LocalScroll.build/Objects-normal/arm64/LocalScroll-Swift.h (in target 'LocalScroll' from project 'LocalScroll')
    cd /Users/ipanda/Documents/Code/iosproject/LocalScroll_Xcode
    builtin-swiftHeaderTool -arch arm64 /tmp/LocalScrollDerived/Build/Intermediates.noindex/LocalScroll.build/Debug-iphonesimulator/LocalScroll.build/Objects-normal/arm64/LocalScroll-Swift.h -o /tmp/LocalScrollDerived/Build/Intermediates.noindex/LocalScroll.build/Debug-iphonesimulator/LocalScroll.build/DerivedSources/LocalScroll-Swift.h

Copy /tmp/LocalScrollDerived/Build/Products/Debug-iphonesimulator/LocalScroll.swiftmodule/arm64-apple-ios-simulator.swiftmodule /tmp/LocalScrollDerived/Build/Intermediates.noindex/LocalScroll.build/Debug-iphonesimulator/LocalScroll.build/Objects-normal/arm64/LocalScroll.swiftmodule (in target 'LocalScroll' from project 'LocalScroll')
    cd /Users/ipanda/Documents/Code/iosproject/LocalScroll_Xcode
    builtin-copy -exclude .DS_Store -exclude CVS -exclude .svn -exclude .git -exclude .hg -resolve-src-symlinks -rename /tmp/LocalScrollDerived/Build/Intermediates.noindex/LocalScroll.build/Debug-iphonesimulator/LocalScroll.build/Objects-normal/arm64/LocalScroll.swiftmodule /tmp/LocalScrollDerived/Build/Products/Debug-iphonesimulator/LocalScroll.swiftmodule/arm64-apple-ios-simulator.swiftmodule

Copy /tmp/LocalScrollDerived/Build/Products/Debug-iphonesimulator/LocalScroll.swiftmodule/arm64-apple-ios-simulator.swiftdoc /tmp/LocalScrollDerived/Build/Intermediates.noindex/LocalScroll.build/Debug-iphonesimulator/LocalScroll.build/Objects-normal/arm64/LocalScroll.swiftdoc (in target 'LocalScroll' from project 'LocalScroll')
    cd /Users/ipanda/Documents/Code/iosproject/LocalScroll_Xcode
    builtin-copy -exclude .DS_Store -exclude CVS -exclude .svn -exclude .git -exclude .hg -resolve-src-symlinks -rename /tmp/LocalScrollDerived/Build/Intermediates.noindex/LocalScroll.build/Debug-iphonesimulator/LocalScroll.build/Objects-normal/arm64/LocalScroll.swiftdoc /tmp/LocalScrollDerived/Build/Products/Debug-iphonesimulator/LocalScroll.swiftmodule/arm64-apple-ios-simulator.swiftdoc

Copy /tmp/LocalScrollDerived/Build/Products/Debug-iphonesimulator/LocalScroll.swiftmodule/arm64-apple-ios-simulator.abi.json /tmp/LocalScrollDerived/Build/Intermediates.noindex/LocalScroll.build/Debug-iphonesimulator/LocalScroll.build/Objects-normal/arm64/LocalScroll.abi.json (in target 'LocalScroll' from project 'LocalScroll')
    cd /Users/ipanda/Documents/Code/iosproject/LocalScroll_Xcode
    builtin-copy -exclude .DS_Store -exclude CVS -exclude .svn -exclude .git -exclude .hg -resolve-src-symlinks -rename /tmp/LocalScrollDerived/Build/Intermediates.noindex/LocalScroll.build/Debug-iphonesimulator/LocalScroll.build/Objects-normal/arm64/LocalScroll.abi.json /tmp/LocalScrollDerived/Build/Products/Debug-iphonesimulator/LocalScroll.swiftmodule/arm64-apple-ios-simulator.abi.json

Copy /tmp/LocalScrollDerived/Build/Products/Debug-iphonesimulator/LocalScroll.swiftmodule/Project/arm64-apple-ios-simulator.swiftsourceinfo /tmp/LocalScrollDerived/Build/Intermediates.noindex/LocalScroll.build/Debug-iphonesimulator/LocalScroll.build/Objects-normal/arm64/LocalScroll.swiftsourceinfo (in target 'LocalScroll' from project 'LocalScroll')
    cd /Users/ipanda/Documents/Code/iosproject/LocalScroll_Xcode
    builtin-copy -exclude .DS_Store -exclude CVS -exclude .svn -exclude .git -exclude .hg -resolve-src-symlinks -rename /tmp/LocalScrollDerived/Build/Intermediates.noindex/LocalScroll.build/Debug-iphonesimulator/LocalScroll.build/Objects-normal/arm64/LocalScroll.swiftsourceinfo /tmp/LocalScrollDerived/Build/Products/Debug-iphonesimulator/LocalScroll.swiftmodule/Project/arm64-apple-ios-simulator.swiftsourceinfo

SwiftDriverJobDiscovery normal arm64 Compiling HistoryListView.swift, SettingsView.swift (in target 'LocalScroll' from project 'LocalScroll')

SwiftDriver LocalScrollUITests normal arm64 com.apple.xcode.tools.swift.compiler (in target 'LocalScrollUITests' from project 'LocalScroll')
    cd /Users/ipanda/Documents/Code/iosproject/LocalScroll_Xcode
    builtin-SwiftDriver -- /Applications/Xcode.app/Contents/Developer/Toolchains/XcodeDefault.xctoolchain/usr/bin/swiftc -module-name LocalScrollUITests -Onone @/tmp/LocalScrollDerived/Build/Intermediates.noindex/LocalScroll.build/Debug-iphonesimulator/LocalScrollUITests.build/Objects-normal/arm64/LocalScrollUITests.SwiftFileList -DDEBUG -module-alias Testing\=_Testing_Unavailable -plugin-path /Applications/Xcode.app/Contents/Developer/Toolchains/XcodeDefault.xctoolchain/usr/lib/swift/host/plugins/testing -enable-bare-slash-regex -enable-experimental-feature DebugDescriptionMacro -sdk /Applications/Xcode.app/Contents/Developer/Platforms/iPhoneSimulator.platform/Developer/SDKs/iPhoneSimulator26.5.sdk -target arm64-apple-ios18.2-simulator -g -module-cache-path /tmp/LocalScrollDerived/ModuleCache.noindex -Xfrontend -serialize-debugging-options -profile-coverage-mapping -profile-generate -enable-testing -index-store-path /tmp/LocalScrollDerived/Index.noindex/DataStore -Xcc -D_LIBCPP_HARDENING_MODE\=_LIBCPP_HARDENING_MODE_DEBUG -swift-version 5 -I /tmp/LocalScrollDerived/Build/Products/Debug-iphonesimulator -Isystem /Applications/Xcode.app/Contents/Developer/Platforms/iPhoneSimulator.platform/Developer/usr/lib -F /tmp/LocalScrollDerived/Build/Products/Debug-iphonesimulator -F /Applications/Xcode.app/Contents/Developer/Platforms/iPhoneSimulator.platform/Developer/Library/Frameworks -F /Applications/Xcode.app/Contents/Developer/Platforms/iPhoneSimulator.platform/Developer/SDKs/iPhoneSimulator26.5.sdk/Developer/Library/Frameworks -c -j16 -enable-batch-mode -incremental -Xcc -ivfsstatcache -Xcc /tmp/LocalScrollDerived/SDKStatCaches.noindex/iphonesimulator26.5-23F73-6cfe768891a92b912361537c460fe42b.sdkstatcache -output-file-map /tmp/LocalScrollDerived/Build/Intermediates.noindex/LocalScroll.build/Debug-iphonesimulator/LocalScrollUITests.build/Objects-normal/arm64/LocalScrollUITests-OutputFileMap.json -use-frontend-parseable-output -save-temps -no-color-diagnostics -explicit-module-build -module-cache-path /tmp/LocalScrollDerived/Build/Intermediates.noindex/SwiftExplicitPrecompiledModules -clang-scanner-module-cache-path /tmp/LocalScrollDerived/ModuleCache.noindex -sdk-module-cache-path /tmp/LocalScrollDerived/ModuleCache.noindex -serialize-diagnostics -emit-dependencies -emit-module -emit-module-path /tmp/LocalScrollDerived/Build/Intermediates.noindex/LocalScroll.build/Debug-iphonesimulator/LocalScrollUITests.build/Objects-normal/arm64/LocalScrollUITests.swiftmodule -validate-clang-modules-once -clang-build-session-file /tmp/LocalScrollDerived/ModuleCache.noindex/Session.modulevalidation -Xcc -I/tmp/LocalScrollDerived/Build/Intermediates.noindex/LocalScroll.build/Debug-iphonesimulator/LocalScrollUITests.build/swift-overrides.hmap -emit-const-values -Xfrontend -const-gather-protocols-file -Xfrontend /tmp/LocalScrollDerived/Build/Intermediates.noindex/LocalScroll.build/Debug-iphonesimulator/LocalScrollUITests.build/Objects-normal/arm64/LocalScrollUITests_const_extract_protocols.json -Xcc -iquote -Xcc /tmp/LocalScrollDerived/Build/Intermediates.noindex/LocalScroll.build/Debug-iphonesimulator/LocalScrollUITests.build/LocalScrollUITests-generated-files.hmap -Xcc -I/tmp/LocalScrollDerived/Build/Intermediates.noindex/LocalScroll.build/Debug-iphonesimulator/LocalScrollUITests.build/LocalScrollUITests-own-target-headers.hmap -Xcc -I/tmp/LocalScrollDerived/Build/Intermediates.noindex/LocalScroll.build/Debug-iphonesimulator/LocalScrollUITests.build/LocalScrollUITests-all-non-framework-target-headers.hmap -Xcc -ivfsoverlay -Xcc /tmp/LocalScrollDerived/Build/Intermediates.noindex/LocalScroll.build/Debug-iphonesimulator/LocalScroll-b040b9c999c0951a7823b9397cd8b53e-VFS-iphonesimulator/all-product-headers.yaml -Xcc -iquote -Xcc /tmp/LocalScrollDerived/Build/Intermediates.noindex/LocalScroll.build/Debug-iphonesimulator/LocalScrollUITests.build/LocalScrollUITests-project-headers.hmap -Xcc -I/tmp/LocalScrollDerived/Build/Products/Debug-iphonesimulator/include -Xcc -I/tmp/LocalScrollDerived/Build/Intermediates.noindex/LocalScroll.build/Debug-iphonesimulator/LocalScrollUITests.build/DerivedSources-normal/arm64 -Xcc -I/tmp/LocalScrollDerived/Build/Intermediates.noindex/LocalScroll.build/Debug-iphonesimulator/LocalScrollUITests.build/DerivedSources/arm64 -Xcc -I/tmp/LocalScrollDerived/Build/Intermediates.noindex/LocalScroll.build/Debug-iphonesimulator/LocalScrollUITests.build/DerivedSources -Xcc -DDEBUG\=1 -emit-objc-header -emit-objc-header-path /tmp/LocalScrollDerived/Build/Intermediates.noindex/LocalScroll.build/Debug-iphonesimulator/LocalScrollUITests.build/Objects-normal/arm64/LocalScrollUITests-Swift.h -working-directory /Users/ipanda/Documents/Code/iosproject/LocalScroll_Xcode -experimental-emit-module-separately -disable-cmo

SwiftDriver LocalScrollTests normal arm64 com.apple.xcode.tools.swift.compiler (in target 'LocalScrollTests' from project 'LocalScroll')
    cd /Users/ipanda/Documents/Code/iosproject/LocalScroll_Xcode
    builtin-SwiftDriver -- /Applications/Xcode.app/Contents/Developer/Toolchains/XcodeDefault.xctoolchain/usr/bin/swiftc -module-name LocalScrollTests -Onone @/tmp/LocalScrollDerived/Build/Intermediates.noindex/LocalScroll.build/Debug-iphonesimulator/LocalScrollTests.build/Objects-normal/arm64/LocalScrollTests.SwiftFileList -DDEBUG -plugin-path /Applications/Xcode.app/Contents/Developer/Toolchains/XcodeDefault.xctoolchain/usr/lib/swift/host/plugins/testing -enable-bare-slash-regex -enable-experimental-feature DebugDescriptionMacro -sdk /Applications/Xcode.app/Contents/Developer/Platforms/iPhoneSimulator.platform/Developer/SDKs/iPhoneSimulator26.5.sdk -target arm64-apple-ios18.2-simulator -g -module-cache-path /tmp/LocalScrollDerived/ModuleCache.noindex -Xfrontend -serialize-debugging-options -profile-coverage-mapping -profile-generate -enable-testing -index-store-path /tmp/LocalScrollDerived/Index.noindex/DataStore -Xcc -D_LIBCPP_HARDENING_MODE\=_LIBCPP_HARDENING_MODE_DEBUG -swift-version 5 -I /tmp/LocalScrollDerived/Build/Products/Debug-iphonesimulator -Isystem /Applications/Xcode.app/Contents/Developer/Platforms/iPhoneSimulator.platform/Developer/usr/lib -F /tmp/LocalScrollDerived/Build/Products/Debug-iphonesimulator/PackageFrameworks -F /tmp/LocalScrollDerived/Build/Products/Debug-iphonesimulator -F /Applications/Xcode.app/Contents/Developer/Platforms/iPhoneSimulator.platform/Developer/Library/Frameworks -F /Applications/Xcode.app/Contents/Developer/Platforms/iPhoneSimulator.platform/Developer/SDKs/iPhoneSimulator26.5.sdk/Developer/Library/Frameworks -c -j16 -enable-batch-mode -incremental -Xcc -ivfsstatcache -Xcc /tmp/LocalScrollDerived/SDKStatCaches.noindex/iphonesimulator26.5-23F73-6cfe768891a92b912361537c460fe42b.sdkstatcache -output-file-map /tmp/LocalScrollDerived/Build/Intermediates.noindex/LocalScroll.build/Debug-iphonesimulator/LocalScrollTests.build/Objects-normal/arm64/LocalScrollTests-OutputFileMap.json -use-frontend-parseable-output -save-temps -no-color-diagnostics -explicit-module-build -module-cache-path /tmp/LocalScrollDerived/Build/Intermediates.noindex/SwiftExplicitPrecompiledModules -clang-scanner-module-cache-path /tmp/LocalScrollDerived/ModuleCache.noindex -sdk-module-cache-path /tmp/LocalScrollDerived/ModuleCache.noindex -serialize-diagnostics -emit-dependencies -emit-module -emit-module-path /tmp/LocalScrollDerived/Build/Intermediates.noindex/LocalScroll.build/Debug-iphonesimulator/LocalScrollTests.build/Objects-normal/arm64/LocalScrollTests.swiftmodule -validate-clang-modules-once -clang-build-session-file /tmp/LocalScrollDerived/ModuleCache.noindex/Session.modulevalidation -Xcc -I/tmp/LocalScrollDerived/Build/Intermediates.noindex/LocalScroll.build/Debug-iphonesimulator/LocalScrollTests.build/swift-overrides.hmap -emit-const-values -Xfrontend -const-gather-protocols-file -Xfrontend /tmp/LocalScrollDerived/Build/Intermediates.noindex/LocalScroll.build/Debug-iphonesimulator/LocalScrollTests.build/Objects-normal/arm64/LocalScrollTests_const_extract_protocols.json -Xcc -iquote -Xcc /tmp/LocalScrollDerived/Build/Intermediates.noindex/LocalScroll.build/Debug-iphonesimulator/LocalScrollTests.build/LocalScrollTests-generated-files.hmap -Xcc -I/tmp/LocalScrollDerived/Build/Intermediates.noindex/LocalScroll.build/Debug-iphonesimulator/LocalScrollTests.build/LocalScrollTests-own-target-headers.hmap -Xcc -I/tmp/LocalScrollDerived/Build/Intermediates.noindex/LocalScroll.build/Debug-iphonesimulator/LocalScrollTests.build/LocalScrollTests-all-non-framework-target-headers.hmap -Xcc -ivfsoverlay -Xcc /tmp/LocalScrollDerived/Build/Intermediates.noindex/LocalScroll.build/Debug-iphonesimulator/LocalScroll-b040b9c999c0951a7823b9397cd8b53e-VFS-iphonesimulator/all-product-headers.yaml -Xcc -iquote -Xcc /tmp/LocalScrollDerived/Build/Intermediates.noindex/LocalScroll.build/Debug-iphonesimulator/LocalScrollTests.build/LocalScrollTests-project-headers.hmap -Xcc -I/tmp/LocalScrollDerived/Build/Products/Debug-iphonesimulator/include -Xcc -I/tmp/LocalScrollDerived/Build/Intermediates.noindex/LocalScroll.build/Debug-iphonesimulator/LocalScrollTests.build/DerivedSources-normal/arm64 -Xcc -I/tmp/LocalScrollDerived/Build/Intermediates.noindex/LocalScroll.build/Debug-iphonesimulator/LocalScrollTests.build/DerivedSources/arm64 -Xcc -I/tmp/LocalScrollDerived/Build/Intermediates.noindex/LocalScroll.build/Debug-iphonesimulator/LocalScrollTests.build/DerivedSources -Xcc -DDEBUG\=1 -emit-objc-header -emit-objc-header-path /tmp/LocalScrollDerived/Build/Intermediates.noindex/LocalScroll.build/Debug-iphonesimulator/LocalScrollTests.build/Objects-normal/arm64/LocalScrollTests-Swift.h -working-directory /Users/ipanda/Documents/Code/iosproject/LocalScroll_Xcode -experimental-emit-module-separately -disable-cmo

SwiftDriverJobDiscovery normal arm64 Compiling CachedVideoManagerView.swift, HistoryDetailView.swift (in target 'LocalScroll' from project 'LocalScroll')

SwiftDriverJobDiscovery normal arm64 Compiling VideoCacheStore.swift, VideoThumbnail.swift (in target 'LocalScroll' from project 'LocalScroll')

SwiftDriverJobDiscovery normal arm64 Compiling AVAssetVideoSource.swift, CoreImagePreprocessor.swift (in target 'LocalScroll' from project 'LocalScroll')

SwiftDriverJobDiscovery normal arm64 Compiling SelectedMovie.swift, HistoryRecord.swift (in target 'LocalScroll' from project 'LocalScroll')

SwiftDriverJobDiscovery normal arm64 Compiling QueueItem.swift, QualityPreset.swift (in target 'LocalScroll' from project 'LocalScroll')

SwiftDriverJobDiscovery normal arm64 Compiling ContentView.swift (in target 'LocalScroll' from project 'LocalScroll')

SwiftDriverJobDiscovery normal arm64 Compiling Protocols.swift, VisionMotionEstimator.swift (in target 'LocalScroll' from project 'LocalScroll')

SwiftDriverJobDiscovery normal arm64 Compiling VisionOCRBackend.swift, BackgroundProcessingScheduler.swift (in target 'LocalScroll' from project 'LocalScroll')

SwiftDriverJobDiscovery normal arm64 Compiling Pipeline.swift, ProcessingViewModel.swift (in target 'LocalScroll' from project 'LocalScroll')

SwiftDriver\ Compilation LocalScroll normal arm64 com.apple.xcode.tools.swift.compiler (in target 'LocalScroll' from project 'LocalScroll')
    cd /Users/ipanda/Documents/Code/iosproject/LocalScroll_Xcode
    builtin-Swift-Compilation -- /Applications/Xcode.app/Contents/Developer/Toolchains/XcodeDefault.xctoolchain/usr/bin/swiftc -module-name LocalScroll -Onone @/tmp/LocalScrollDerived/Build/Intermediates.noindex/LocalScroll.build/Debug-iphonesimulator/LocalScroll.build/Objects-normal/arm64/LocalScroll.SwiftFileList -DDEBUG -enable-bare-slash-regex -enable-experimental-feature DebugDescriptionMacro -sdk /Applications/Xcode.app/Contents/Developer/Platforms/iPhoneSimulator.platform/Developer/SDKs/iPhoneSimulator26.5.sdk -target arm64-apple-ios18.2-simulator -g -module-cache-path /tmp/LocalScrollDerived/ModuleCache.noindex -Xfrontend -serialize-debugging-options -profile-coverage-mapping -profile-generate -enable-testing -index-store-path /tmp/LocalScrollDerived/Index.noindex/DataStore -Xcc -D_LIBCPP_HARDENING_MODE\=_LIBCPP_HARDENING_MODE_DEBUG -swift-version 5 -I /tmp/LocalScrollDerived/Build/Products/Debug-iphonesimulator -F /tmp/LocalScrollDerived/Build/Products/Debug-iphonesimulator/PackageFrameworks -F /tmp/LocalScrollDerived/Build/Products/Debug-iphonesimulator -emit-localized-strings -emit-localized-strings-path /tmp/LocalScrollDerived/Build/Intermediates.noindex/LocalScroll.build/Debug-iphonesimulator/LocalScroll.build/Objects-normal/arm64 -c -j16 -enable-batch-mode -incremental -Xcc -ivfsstatcache -Xcc /tmp/LocalScrollDerived/SDKStatCaches.noindex/iphonesimulator26.5-23F73-6cfe768891a92b912361537c460fe42b.sdkstatcache -output-file-map /tmp/LocalScrollDerived/Build/Intermediates.noindex/LocalScroll.build/Debug-iphonesimulator/LocalScroll.build/Objects-normal/arm64/LocalScroll-OutputFileMap.json -use-frontend-parseable-output -save-temps -no-color-diagnostics -explicit-module-build -module-cache-path /tmp/LocalScrollDerived/Build/Intermediates.noindex/SwiftExplicitPrecompiledModules -clang-scanner-module-cache-path /tmp/LocalScrollDerived/ModuleCache.noindex -sdk-module-cache-path /tmp/LocalScrollDerived/ModuleCache.noindex -serialize-diagnostics -emit-dependencies -emit-module -emit-module-path /tmp/LocalScrollDerived/Build/Intermediates.noindex/LocalScroll.build/Debug-iphonesimulator/LocalScroll.build/Objects-normal/arm64/LocalScroll.swiftmodule -validate-clang-modules-once -clang-build-session-file /tmp/LocalScrollDerived/ModuleCache.noindex/Session.modulevalidation -Xcc -I/tmp/LocalScrollDerived/Build/Intermediates.noindex/LocalScroll.build/Debug-iphonesimulator/LocalScroll.build/swift-overrides.hmap -emit-const-values -Xfrontend -const-gather-protocols-file -Xfrontend /tmp/LocalScrollDerived/Build/Intermediates.noindex/LocalScroll.build/Debug-iphonesimulator/LocalScroll.build/Objects-normal/arm64/LocalScroll_const_extract_protocols.json -Xcc -iquote -Xcc /tmp/LocalScrollDerived/Build/Intermediates.noindex/LocalScroll.build/Debug-iphonesimulator/LocalScroll.build/LocalScroll-generated-files.hmap -Xcc -I/tmp/LocalScrollDerived/Build/Intermediates.noindex/LocalScroll.build/Debug-iphonesimulator/LocalScroll.build/LocalScroll-own-target-headers.hmap -Xcc -I/tmp/LocalScrollDerived/Build/Intermediates.noindex/LocalScroll.build/Debug-iphonesimulator/LocalScroll.build/LocalScroll-all-non-framework-target-headers.hmap -Xcc -ivfsoverlay -Xcc /tmp/LocalScrollDerived/Build/Intermediates.noindex/LocalScroll.build/Debug-iphonesimulator/LocalScroll-b040b9c999c0951a7823b9397cd8b53e-VFS-iphonesimulator/all-product-headers.yaml -Xcc -iquote -Xcc /tmp/LocalScrollDerived/Build/Intermediates.noindex/LocalScroll.build/Debug-iphonesimulator/LocalScroll.build/LocalScroll-project-headers.hmap -Xcc -I/tmp/LocalScrollDerived/Build/Products/Debug-iphonesimulator/include -Xcc -I/tmp/LocalScrollDerived/Build/Intermediates.noindex/LocalScroll.build/Debug-iphonesimulator/LocalScroll.build/DerivedSources-normal/arm64 -Xcc -I/tmp/LocalScrollDerived/Build/Intermediates.noindex/LocalScroll.build/Debug-iphonesimulator/LocalScroll.build/DerivedSources/arm64 -Xcc -I/tmp/LocalScrollDerived/Build/Intermediates.noindex/LocalScroll.build/Debug-iphonesimulator/LocalScroll.build/DerivedSources -Xcc -DDEBUG\=1 -emit-objc-header -emit-objc-header-path /tmp/LocalScrollDerived/Build/Intermediates.noindex/LocalScroll.build/Debug-iphonesimulator/LocalScroll.build/Objects-normal/arm64/LocalScroll-Swift.h -working-directory /Users/ipanda/Documents/Code/iosproject/LocalScroll_Xcode -experimental-emit-module-separately -disable-cmo

Ld /tmp/LocalScrollDerived/Build/Products/Debug-iphonesimulator/LocalScroll.app/LocalScroll.debug.dylib normal (in target 'LocalScroll' from project 'LocalScroll')
    cd /Users/ipanda/Documents/Code/iosproject/LocalScroll_Xcode
    /Applications/Xcode.app/Contents/Developer/Toolchains/XcodeDefault.xctoolchain/usr/bin/clang -Xlinker -reproducible -target arm64-apple-ios18.2-simulator -dynamiclib -isysroot /Applications/Xcode.app/Contents/Developer/Platforms/iPhoneSimulator.platform/Developer/SDKs/iPhoneSimulator26.5.sdk -O0 -L/tmp/LocalScrollDerived/Build/Intermediates.noindex/EagerLinkingTBDs/Debug-iphonesimulator -L/tmp/LocalScrollDerived/Build/Products/Debug-iphonesimulator -F/tmp/LocalScrollDerived/Build/Intermediates.noindex/EagerLinkingTBDs/Debug-iphonesimulator -F/tmp/LocalScrollDerived/Build/Products/Debug-iphonesimulator/PackageFrameworks -F/tmp/LocalScrollDerived/Build/Products/Debug-iphonesimulator -filelist /tmp/LocalScrollDerived/Build/Intermediates.noindex/LocalScroll.build/Debug-iphonesimulator/LocalScroll.build/Objects-normal/arm64/LocalScroll.LinkFileList -install_name @rpath/LocalScroll.debug.dylib -Xlinker -rpath -Xlinker /usr/lib/swift -Xlinker -rpath -Xlinker /tmp/LocalScrollDerived/Build/Products/Debug-iphonesimulator/PackageFrameworks -Xlinker -rpath -Xlinker @executable_path/Frameworks -Xlinker -dead_strip -Xlinker -object_path_lto -Xlinker /tmp/LocalScrollDerived/Build/Intermediates.noindex/LocalScroll.build/Debug-iphonesimulator/LocalScroll.build/Objects-normal/arm64/LocalScroll_lto.o -rdynamic -Xlinker -no_deduplicate -Xlinker -objc_abi_version -Xlinker 2 -Xlinker -debug_variant -Xlinker -dependency_info -Xlinker /tmp/LocalScrollDerived/Build/Intermediates.noindex/LocalScroll.build/Debug-iphonesimulator/LocalScroll.build/Objects-normal/arm64/LocalScroll_dependency_info.dat -fobjc-link-runtime -fprofile-instr-generate -L/Applications/Xcode.app/Contents/Developer/Toolchains/XcodeDefault.xctoolchain/usr/lib/swift/iphonesimulator -L/usr/lib/swift -Xlinker -add_ast_path -Xlinker /tmp/LocalScrollDerived/Build/Intermediates.noindex/LocalScroll.build/Debug-iphonesimulator/LocalScroll.build/Objects-normal/arm64/LocalScroll.swiftmodule @/tmp/LocalScrollDerived/Build/Intermediates.noindex/LocalScroll.build/Debug-iphonesimulator/LocalScroll.build/Objects-normal/arm64/LocalScroll-linker-args.resp -Wl,-no_warn_duplicate_libraries -Xlinker -alias -Xlinker _main -Xlinker ___debug_main_executable_dylib_entry_point -o /tmp/LocalScrollDerived/Build/Products/Debug-iphonesimulator/LocalScroll.app/LocalScroll.debug.dylib -Xlinker -add_ast_path -Xlinker /tmp/LocalScrollDerived/Build/Intermediates.noindex/LocalScrollCore.build/Debug-iphonesimulator/LocalScrollCore.build/Objects-normal/arm64/LocalScrollCore.swiftmodule @/tmp/LocalScrollDerived/Build/Intermediates.noindex/LocalScrollCore.build/Debug-iphonesimulator/LocalScrollCore.build/Objects-normal/arm64/LocalScrollCore-linker-args.resp

SwiftExplicitDependencyCompileModuleFromInterface arm64 /tmp/LocalScrollDerived/Build/Intermediates.noindex/SwiftExplicitPrecompiledModules/Testing-3SRBUOQPU8IUO.swiftmodule

SwiftExplicitDependencyGeneratePcm arm64 /tmp/LocalScrollDerived/Build/Intermediates.noindex/SwiftExplicitPrecompiledModules/XCUIAutomation-AC7RKHMZNUQVPY6A2LY839F2R.pcm

SwiftExplicitDependencyCompileModuleFromInterface arm64 /tmp/LocalScrollDerived/Build/Intermediates.noindex/SwiftExplicitPrecompiledModules/XCUIAutomation-OF0UMBVPJC7A.swiftmodule

SwiftExplicitDependencyGeneratePcm arm64 /tmp/LocalScrollDerived/Build/Intermediates.noindex/SwiftExplicitPrecompiledModules/XCTest-2I3B1BTMVO58E4MKBBJR8MSCK.pcm

SwiftExplicitDependencyCompileModuleFromInterface arm64 /tmp/LocalScrollDerived/Build/Intermediates.noindex/SwiftExplicitPrecompiledModules/XCTest-1N58WMEHID5TY.swiftmodule

SwiftExplicitDependencyCompileModuleFromInterface arm64 /tmp/LocalScrollDerived/Build/Intermediates.noindex/SwiftExplicitPrecompiledModules/_Testing_Foundation-H3WGLMVHBDKR.swiftmodule

SwiftExplicitDependencyCompileModuleFromInterface arm64 /tmp/LocalScrollDerived/Build/Intermediates.noindex/SwiftExplicitPrecompiledModules/_Testing_CoreGraphics-2U4KE8SCXPM62.swiftmodule

ConstructStubExecutorLinkFileList /tmp/LocalScrollDerived/Build/Intermediates.noindex/LocalScroll.build/Debug-iphonesimulator/LocalScroll.build/LocalScroll-ExecutorLinkFileList-normal-arm64.txt (in target 'LocalScroll' from project 'LocalScroll')
    cd /Users/ipanda/Documents/Code/iosproject/LocalScroll_Xcode
    construct-stub-executor-link-file-list /tmp/LocalScrollDerived/Build/Products/Debug-iphonesimulator/LocalScroll.app/LocalScroll.debug.dylib /Applications/Xcode.app/Contents/Developer/Platforms/iPhoneSimulator.platform/Developer/usr/lib/libPreviewsJITStubExecutor_no_swift_entry_point.a /Applications/Xcode.app/Contents/Developer/Platforms/iPhoneSimulator.platform/Developer/usr/lib/libPreviewsJITStubExecutor.a --output /tmp/LocalScrollDerived/Build/Intermediates.noindex/LocalScroll.build/Debug-iphonesimulator/LocalScroll.build/LocalScroll-ExecutorLinkFileList-normal-arm64.txt
note: Using stub executor library with Swift entry point. (in target 'LocalScroll' from project 'LocalScroll')

Ld /tmp/LocalScrollDerived/Build/Products/Debug-iphonesimulator/LocalScroll.app/LocalScroll normal (in target 'LocalScroll' from project 'LocalScroll')
    cd /Users/ipanda/Documents/Code/iosproject/LocalScroll_Xcode
    /Applications/Xcode.app/Contents/Developer/Toolchains/XcodeDefault.xctoolchain/usr/bin/clang -Xlinker -reproducible -target arm64-apple-ios18.2-simulator -isysroot /Applications/Xcode.app/Contents/Developer/Platforms/iPhoneSimulator.platform/Developer/SDKs/iPhoneSimulator26.5.sdk -O0 -L/tmp/LocalScrollDerived/Build/Products/Debug-iphonesimulator -F/tmp/LocalScrollDerived/Build/Products/Debug-iphonesimulator/PackageFrameworks -F/tmp/LocalScrollDerived/Build/Products/Debug-iphonesimulator -Xlinker -rpath -Xlinker @executable_path -Xlinker -rpath -Xlinker /tmp/LocalScrollDerived/Build/Products/Debug-iphonesimulator/PackageFrameworks -Xlinker -rpath -Xlinker @executable_path/Frameworks -rdynamic -Xlinker -no_deduplicate -Xlinker -objc_abi_version -Xlinker 2 -Xlinker -debug_variant -e ___debug_blank_executor_main -Xlinker -sectcreate -Xlinker __TEXT -Xlinker __debug_dylib -Xlinker /tmp/LocalScrollDerived/Build/Intermediates.noindex/LocalScroll.build/Debug-iphonesimulator/LocalScroll.build/LocalScroll-DebugDylibPath-normal-arm64.txt -Xlinker -sectcreate -Xlinker __TEXT -Xlinker __debug_instlnm -Xlinker /tmp/LocalScrollDerived/Build/Intermediates.noindex/LocalScroll.build/Debug-iphonesimulator/LocalScroll.build/LocalScroll-DebugDylibInstallName-normal-arm64.txt -Xlinker -filelist -Xlinker /tmp/LocalScrollDerived/Build/Intermediates.noindex/LocalScroll.build/Debug-iphonesimulator/LocalScroll.build/LocalScroll-ExecutorLinkFileList-normal-arm64.txt /tmp/LocalScrollDerived/Build/Products/Debug-iphonesimulator/LocalScroll.app/LocalScroll.debug.dylib -o /tmp/LocalScrollDerived/Build/Products/Debug-iphonesimulator/LocalScroll.app/LocalScroll

Copy /tmp/LocalScrollDerived/Build/Products/Debug-iphonesimulator/LocalScroll.app/PlugIns/LocalScrollWidget.appex /tmp/LocalScrollDerived/Build/Products/Debug-iphonesimulator/LocalScrollWidget.appex (in target 'LocalScroll' from project 'LocalScroll')
    cd /Users/ipanda/Documents/Code/iosproject/LocalScroll_Xcode
    builtin-copy -exclude .DS_Store -exclude CVS -exclude .svn -exclude .git -exclude .hg -exclude Headers -exclude PrivateHeaders -exclude Modules -exclude \*.tbd -resolve-src-symlinks -remove-static-executable /tmp/LocalScrollDerived/Build/Products/Debug-iphonesimulator/LocalScrollWidget.appex /tmp/LocalScrollDerived/Build/Products/Debug-iphonesimulator/LocalScroll.app/PlugIns

ProcessInfoPlistFile /tmp/LocalScrollDerived/Build/Products/Debug-iphonesimulator/LocalScroll.app/Info.plist /Users/ipanda/Documents/Code/iosproject/LocalScroll_Xcode/LocalScroll-Info.plist (in target 'LocalScroll' from project 'LocalScroll')
    cd /Users/ipanda/Documents/Code/iosproject/LocalScroll_Xcode
    builtin-infoPlistUtility /Users/ipanda/Documents/Code/iosproject/LocalScroll_Xcode/LocalScroll-Info.plist -producttype com.apple.product-type.application -genpkginfo /tmp/LocalScrollDerived/Build/Products/Debug-iphonesimulator/LocalScroll.app/PkgInfo -expandbuildsettings -format binary -platform iphonesimulator -additionalcontentfile /tmp/LocalScrollDerived/Build/Intermediates.noindex/LocalScroll.build/Debug-iphonesimulator/LocalScroll.build/assetcatalog_generated_info.plist -scanforprivacyfile /tmp/LocalScrollDerived/Build/Products/Debug-iphonesimulator/LocalScroll.app/PlugIns/LocalScrollWidget.appex -o /tmp/LocalScrollDerived/Build/Products/Debug-iphonesimulator/LocalScroll.app/Info.plist

CopySwiftLibs /tmp/LocalScrollDerived/Build/Products/Debug-iphonesimulator/LocalScroll.app (in target 'LocalScroll' from project 'LocalScroll')
    cd /Users/ipanda/Documents/Code/iosproject/LocalScroll_Xcode
    builtin-swiftStdLibTool --copy --verbose --scan-executable /tmp/LocalScrollDerived/Build/Products/Debug-iphonesimulator/LocalScroll.app/LocalScroll.debug.dylib --scan-folder /tmp/LocalScrollDerived/Build/Products/Debug-iphonesimulator/LocalScroll.app/Frameworks --scan-folder /tmp/LocalScrollDerived/Build/Products/Debug-iphonesimulator/LocalScroll.app/PlugIns --scan-folder /tmp/LocalScrollDerived/Build/Products/Debug-iphonesimulator/LocalScroll.app/SystemExtensions --scan-folder /tmp/LocalScrollDerived/Build/Products/Debug-iphonesimulator/LocalScroll.app/Extensions --platform iphonesimulator --toolchain /Applications/Xcode.app/Contents/Developer/Toolchains/XcodeDefault.xctoolchain --destination /tmp/LocalScrollDerived/Build/Products/Debug-iphonesimulator/LocalScroll.app/Frameworks --strip-bitcode --strip-bitcode-tool /Applications/Xcode.app/Contents/Developer/Toolchains/XcodeDefault.xctoolchain/usr/bin/bitcode_strip --emit-dependency-info /tmp/LocalScrollDerived/Build/Intermediates.noindex/LocalScroll.build/Debug-iphonesimulator/LocalScroll.build/SwiftStdLibToolInputDependencies.dep --filter-for-swift-os
Ignoring --strip-bitcode because --sign was not passed

ExtractAppIntentsMetadata (in target 'LocalScroll' from project 'LocalScroll')
    cd /Users/ipanda/Documents/Code/iosproject/LocalScroll_Xcode
    /Applications/Xcode.app/Contents/Developer/Toolchains/XcodeDefault.xctoolchain/usr/bin/appintentsmetadataprocessor --toolchain-dir /Applications/Xcode.app/Contents/Developer/Toolchains/XcodeDefault.xctoolchain --module-name LocalScroll --sdk-root /Applications/Xcode.app/Contents/Developer/Platforms/iPhoneSimulator.platform/Developer/SDKs/iPhoneSimulator26.5.sdk --xcode-version 17F42 --platform-family iOS --deployment-target 18.2 --bundle-identifier Aaron-Wang.LocalScroll --output /tmp/LocalScrollDerived/Build/Products/Debug-iphonesimulator/LocalScroll.app --target-triple arm64-apple-ios18.2-simulator --binary-file /tmp/LocalScrollDerived/Build/Products/Debug-iphonesimulator/LocalScroll.app/LocalScroll --dependency-file /tmp/LocalScrollDerived/Build/Intermediates.noindex/LocalScroll.build/Debug-iphonesimulator/LocalScroll.build/Objects-normal/arm64/LocalScroll_dependency_info.dat --stringsdata-file /tmp/LocalScrollDerived/Build/Intermediates.noindex/LocalScroll.build/Debug-iphonesimulator/LocalScroll.build/Objects-normal/arm64/ExtractedAppShortcutsMetadata.stringsdata --source-file-list /tmp/LocalScrollDerived/Build/Intermediates.noindex/LocalScroll.build/Debug-iphonesimulator/LocalScroll.build/Objects-normal/arm64/LocalScroll.SwiftFileList --metadata-file-list /tmp/LocalScrollDerived/Build/Intermediates.noindex/LocalScroll.build/Debug-iphonesimulator/LocalScroll.build/LocalScroll.DependencyMetadataFileList --static-metadata-file-list /tmp/LocalScrollDerived/Build/Intermediates.noindex/LocalScroll.build/Debug-iphonesimulator/LocalScroll.build/LocalScroll.DependencyStaticMetadataFileList --swift-const-vals-list /tmp/LocalScrollDerived/Build/Intermediates.noindex/LocalScroll.build/Debug-iphonesimulator/LocalScroll.build/Objects-normal/arm64/LocalScroll.SwiftConstValuesFileList --compile-time-extraction --deployment-aware-processing --validate-assistant-intents --no-app-shortcuts-localization
2026-06-05 15:45:16.253 appintentsmetadataprocessor[24158:720269] Starting appintentsmetadataprocessor export
2026-06-05 15:45:16.254 appintentsmetadataprocessor[24158:720269] warning: Metadata extraction skipped. No AppIntents.framework dependency found.

ValidateEmbeddedBinary /tmp/LocalScrollDerived/Build/Products/Debug-iphonesimulator/LocalScroll.app/PlugIns/LocalScrollWidget.appex (in target 'LocalScroll' from project 'LocalScroll')
    cd /Users/ipanda/Documents/Code/iosproject/LocalScroll_Xcode
    /Applications/Xcode.app/Contents/Developer/usr/bin/embeddedBinaryValidationUtility /tmp/LocalScrollDerived/Build/Products/Debug-iphonesimulator/LocalScroll.app/PlugIns/LocalScrollWidget.appex -info-plist-path /tmp/LocalScrollDerived/Build/Products/Debug-iphonesimulator/LocalScroll.app/Info.plist

AppIntentsSSUTraining (in target 'LocalScroll' from project 'LocalScroll')
    cd /Users/ipanda/Documents/Code/iosproject/LocalScroll_Xcode
    /Applications/Xcode.app/Contents/Developer/Toolchains/XcodeDefault.xctoolchain/usr/bin/appintentsnltrainingprocessor --infoplist-path /tmp/LocalScrollDerived/Build/Products/Debug-iphonesimulator/LocalScroll.app/Info.plist --temp-dir-path /tmp/LocalScrollDerived/Build/Intermediates.noindex/LocalScroll.build/Debug-iphonesimulator/LocalScroll.build/ssu --bundle-id Aaron-Wang.LocalScroll --product-path /tmp/LocalScrollDerived/Build/Products/Debug-iphonesimulator/LocalScroll.app --extracted-metadata-path /tmp/LocalScrollDerived/Build/Products/Debug-iphonesimulator/LocalScroll.app/Metadata.appintents --metadata-file-list /tmp/LocalScrollDerived/Build/Intermediates.noindex/LocalScroll.build/Debug-iphonesimulator/LocalScroll.build/LocalScroll.DependencyMetadataFileList --source-file /tmp/LocalScrollDerived/Build/Products/Debug-iphonesimulator/LocalScroll.app/Info.plist --archive-ssu-assets
2026-06-05 15:45:16.270 appintentsnltrainingprocessor[24160:720271] Parsing options for appintentsnltrainingprocessor
2026-06-05 15:45:16.270 appintentsnltrainingprocessor[24160:720271] Starting AppIntents SSU YAML Generation
2026-06-05 15:45:16.271 appintentsnltrainingprocessor[24160:720271] No AppShortcuts found - Skipping.

SwiftCompile normal arm64 Compiling\ Phase7PolishTests.swift /Users/ipanda/Documents/Code/iosproject/LocalScroll_Xcode/LocalScrollTests/Phase7PolishTests.swift (in target 'LocalScrollTests' from project 'LocalScroll')

SwiftCompile normal arm64 /Users/ipanda/Documents/Code/iosproject/LocalScroll_Xcode/LocalScrollTests/Phase7PolishTests.swift (in target 'LocalScrollTests' from project 'LocalScroll')
    cd /Users/ipanda/Documents/Code/iosproject/LocalScroll_Xcode
    

SwiftCompile normal arm64 Compiling\ PipelinePhaseTests.swift /Users/ipanda/Documents/Code/iosproject/LocalScroll_Xcode/LocalScrollTests/PipelinePhaseTests.swift (in target 'LocalScrollTests' from project 'LocalScroll')
SwiftCompile normal arm64 /Users/ipanda/Documents/Code/iosproject/LocalScroll_Xcode/LocalScrollTests/PipelinePhaseTests.swift (in target 'LocalScrollTests' from project 'LocalScroll')
    cd /Users/ipanda/Documents/Code/iosproject/LocalScroll_Xcode
    
/Users/ipanda/Documents/Code/iosproject/LocalScroll_Xcode/LocalScrollTests/PipelinePhaseTests.swift:312:14: warning: instance method 'lock' is unavailable from asynchronous contexts; Use async-safe scoped locking instead; this is an error in the Swift 6 language mode
        lock.lock()
             ^
Foundation.NSLock.lock:2:11: note: 'lock()' declared here
open func lock()}
          ^
/Users/ipanda/Documents/Code/iosproject/LocalScroll_Xcode/LocalScrollTests/PipelinePhaseTests.swift:314:14: warning: instance method 'unlock' is unavailable from asynchronous contexts; Use async-safe scoped locking instead; this is an error in the Swift 6 language mode
        lock.unlock()
             ^
Foundation.NSLock.unlock:2:11: note: 'unlock()' declared here
open func unlock()}
          ^
/Users/ipanda/Documents/Code/iosproject/LocalScroll_Xcode/LocalScrollTests/PipelinePhaseTests.swift:330:14: warning: instance method 'lock' is unavailable from asynchronous contexts; Use async-safe scoped locking instead; this is an error in the Swift 6 language mode
        lock.lock()
             ^
Foundation.NSLock.lock:2:11: note: 'lock()' declared here
open func lock()}
          ^
/Users/ipanda/Documents/Code/iosproject/LocalScroll_Xcode/LocalScrollTests/PipelinePhaseTests.swift:332:14: warning: instance method 'unlock' is unavailable from asynchronous contexts; Use async-safe scoped locking instead; this is an error in the Swift 6 language mode
        lock.unlock()
             ^
Foundation.NSLock.unlock:2:11: note: 'unlock()' declared here
open func unlock()}
          ^
/Users/ipanda/Documents/Code/iosproject/LocalScroll_Xcode/LocalScrollTests/PipelinePhaseTests.swift:481:14: warning: instance method 'lock' is unavailable from asynchronous contexts; Use async-safe scoped locking instead; this is an error in the Swift 6 language mode
        lock.lock()
             ^
Foundation.NSLock.lock:2:11: note: 'lock()' declared here
open func lock()}
          ^
/Users/ipanda/Documents/Code/iosproject/LocalScroll_Xcode/LocalScrollTests/PipelinePhaseTests.swift:484:14: warning: instance method 'unlock' is unavailable from asynchronous contexts; Use async-safe scoped locking instead; this is an error in the Swift 6 language mode
        lock.unlock()
             ^
Foundation.NSLock.unlock:2:11: note: 'unlock()' declared here
open func unlock()}
          ^
/Users/ipanda/Documents/Code/iosproject/LocalScroll_Xcode/LocalScrollTests/PipelinePhaseTests.swift:488:14: warning: instance method 'lock' is unavailable from asynchronous contexts; Use async-safe scoped locking instead; this is an error in the Swift 6 language mode
        lock.lock()
             ^
Foundation.NSLock.lock:2:11: note: 'lock()' declared here
open func lock()}
          ^
/Users/ipanda/Documents/Code/iosproject/LocalScroll_Xcode/LocalScrollTests/PipelinePhaseTests.swift:490:14: warning: instance method 'unlock' is unavailable from asynchronous contexts; Use async-safe scoped locking instead; this is an error in the Swift 6 language mode
        lock.unlock()
             ^
Foundation.NSLock.unlock:2:11: note: 'unlock()' declared here
open func unlock()}
          ^
/Users/ipanda/Documents/Code/iosproject/LocalScroll_Xcode/LocalScrollTests/PipelinePhaseTests.swift:518:14: warning: instance method 'lock' is unavailable from asynchronous contexts; Use async-safe scoped locking instead; this is an error in the Swift 6 language mode
        lock.lock()
             ^
Foundation.NSLock.lock:2:11: note: 'lock()' declared here
open func lock()}
          ^
/Users/ipanda/Documents/Code/iosproject/LocalScroll_Xcode/LocalScrollTests/PipelinePhaseTests.swift:520:14: warning: instance method 'unlock' is unavailable from asynchronous contexts; Use async-safe scoped locking instead; this is an error in the Swift 6 language mode
        lock.unlock()
             ^
Foundation.NSLock.unlock:2:11: note: 'unlock()' declared here
open func unlock()}
          ^

SwiftCompile normal arm64 Compiling\ TranscriptSummaryTests.swift /Users/ipanda/Documents/Code/iosproject/LocalScroll_Xcode/LocalScrollTests/TranscriptSummaryTests.swift (in target 'LocalScrollTests' from project 'LocalScroll')

SwiftCompile normal arm64 /Users/ipanda/Documents/Code/iosproject/LocalScroll_Xcode/LocalScrollTests/TranscriptSummaryTests.swift (in target 'LocalScrollTests' from project 'LocalScroll')
    cd /Users/ipanda/Documents/Code/iosproject/LocalScroll_Xcode
    

SwiftEmitModule normal arm64 Emitting\ module\ for\ LocalScrollTests (in target 'LocalScrollTests' from project 'LocalScroll')

EmitSwiftModule normal arm64 (in target 'LocalScrollTests' from project 'LocalScroll')
    cd /Users/ipanda/Documents/Code/iosproject/LocalScroll_Xcode
    

SwiftCompile normal arm64 Compiling\ TranscriptCleanupTests.swift /Users/ipanda/Documents/Code/iosproject/LocalScroll_Xcode/LocalScrollTests/TranscriptCleanupTests.swift (in target 'LocalScrollTests' from project 'LocalScroll')

SwiftCompile normal arm64 /Users/ipanda/Documents/Code/iosproject/LocalScroll_Xcode/LocalScrollTests/TranscriptCleanupTests.swift (in target 'LocalScrollTests' from project 'LocalScroll')
    cd /Users/ipanda/Documents/Code/iosproject/LocalScroll_Xcode
    

SwiftCompile normal arm64 Compiling\ AcceptanceLogicTests.swift /Users/ipanda/Documents/Code/iosproject/LocalScroll_Xcode/LocalScrollTests/AcceptanceLogicTests.swift (in target 'LocalScrollTests' from project 'LocalScroll')

SwiftCompile normal arm64 /Users/ipanda/Documents/Code/iosproject/LocalScroll_Xcode/LocalScrollTests/AcceptanceLogicTests.swift (in target 'LocalScrollTests' from project 'LocalScroll')
    cd /Users/ipanda/Documents/Code/iosproject/LocalScroll_Xcode
    

SwiftCompile normal arm64 Compiling\ LocalScrollTests.swift /Users/ipanda/Documents/Code/iosproject/LocalScroll_Xcode/LocalScrollTests/LocalScrollTests.swift (in target 'LocalScrollTests' from project 'LocalScroll')

SwiftCompile normal arm64 /Users/ipanda/Documents/Code/iosproject/LocalScroll_Xcode/LocalScrollTests/LocalScrollTests.swift (in target 'LocalScrollTests' from project 'LocalScroll')
    cd /Users/ipanda/Documents/Code/iosproject/LocalScroll_Xcode
    

SwiftCompile normal arm64 Compiling\ HistoryAndImportTests.swift /Users/ipanda/Documents/Code/iosproject/LocalScroll_Xcode/LocalScrollTests/HistoryAndImportTests.swift (in target 'LocalScrollTests' from project 'LocalScroll')

SwiftCompile normal arm64 /Users/ipanda/Documents/Code/iosproject/LocalScroll_Xcode/LocalScrollTests/HistoryAndImportTests.swift (in target 'LocalScrollTests' from project 'LocalScroll')
    cd /Users/ipanda/Documents/Code/iosproject/LocalScroll_Xcode
    

SwiftCompile normal arm64 Compiling\ AdapterPhaseTests.swift /Users/ipanda/Documents/Code/iosproject/LocalScroll_Xcode/LocalScrollTests/AdapterPhaseTests.swift (in target 'LocalScrollTests' from project 'LocalScroll')

SwiftCompile normal arm64 /Users/ipanda/Documents/Code/iosproject/LocalScroll_Xcode/LocalScrollTests/AdapterPhaseTests.swift (in target 'LocalScrollTests' from project 'LocalScroll')
    cd /Users/ipanda/Documents/Code/iosproject/LocalScroll_Xcode
    

SwiftCompile normal arm64 Compiling\ EndToEndComparisonTests.swift /Users/ipanda/Documents/Code/iosproject/LocalScroll_Xcode/LocalScrollTests/EndToEndComparisonTests.swift (in target 'LocalScrollTests' from project 'LocalScroll')

SwiftCompile normal arm64 /Users/ipanda/Documents/Code/iosproject/LocalScroll_Xcode/LocalScrollTests/EndToEndComparisonTests.swift (in target 'LocalScrollTests' from project 'LocalScroll')
    cd /Users/ipanda/Documents/Code/iosproject/LocalScroll_Xcode
    

ProcessInfoPlistFile /tmp/LocalScrollDerived/Build/Products/Debug-iphonesimulator/LocalScroll.app/PlugIns/LocalScrollTests.xctest/Info.plist /tmp/LocalScrollDerived/Build/Intermediates.noindex/LocalScroll.build/Debug-iphonesimulator/LocalScrollTests.build/empty-LocalScrollTests.plist (in target 'LocalScrollTests' from project 'LocalScroll')
    cd /Users/ipanda/Documents/Code/iosproject/LocalScroll_Xcode
    builtin-infoPlistUtility /tmp/LocalScrollDerived/Build/Intermediates.noindex/LocalScroll.build/Debug-iphonesimulator/LocalScrollTests.build/empty-LocalScrollTests.plist -producttype com.apple.product-type.bundle.unit-test -expandbuildsettings -format binary -platform iphonesimulator -o /tmp/LocalScrollDerived/Build/Products/Debug-iphonesimulator/LocalScroll.app/PlugIns/LocalScrollTests.xctest/Info.plist

SwiftEmitModule normal arm64 Emitting\ module\ for\ LocalScrollUITests (in target 'LocalScrollUITests' from project 'LocalScroll')

EmitSwiftModule normal arm64 (in target 'LocalScrollUITests' from project 'LocalScroll')
    cd /Users/ipanda/Documents/Code/iosproject/LocalScroll_Xcode
    

SwiftCompile normal arm64 Compiling\ LocalScrollUITestsLaunchTests.swift /Users/ipanda/Documents/Code/iosproject/LocalScroll_Xcode/LocalScrollUITests/LocalScrollUITestsLaunchTests.swift (in target 'LocalScrollUITests' from project 'LocalScroll')

SwiftCompile normal arm64 /Users/ipanda/Documents/Code/iosproject/LocalScroll_Xcode/LocalScrollUITests/LocalScrollUITestsLaunchTests.swift (in target 'LocalScrollUITests' from project 'LocalScroll')
    cd /Users/ipanda/Documents/Code/iosproject/LocalScroll_Xcode
    

SwiftCompile normal arm64 Compiling\ LocalScrollUITests.swift /Users/ipanda/Documents/Code/iosproject/LocalScroll_Xcode/LocalScrollUITests/LocalScrollUITests.swift (in target 'LocalScrollUITests' from project 'LocalScroll')

SwiftCompile normal arm64 /Users/ipanda/Documents/Code/iosproject/LocalScroll_Xcode/LocalScrollUITests/LocalScrollUITests.swift (in target 'LocalScrollUITests' from project 'LocalScroll')
    cd /Users/ipanda/Documents/Code/iosproject/LocalScroll_Xcode
    

SwiftDriverJobDiscovery normal arm64 Emitting module for LocalScrollUITests (in target 'LocalScrollUITests' from project 'LocalScroll')

SwiftDriver\ Compilation\ Requirements LocalScrollUITests normal arm64 com.apple.xcode.tools.swift.compiler (in target 'LocalScrollUITests' from project 'LocalScroll')
    cd /Users/ipanda/Documents/Code/iosproject/LocalScroll_Xcode
    builtin-Swift-Compilation-Requirements -- /Applications/Xcode.app/Contents/Developer/Toolchains/XcodeDefault.xctoolchain/usr/bin/swiftc -module-name LocalScrollUITests -Onone @/tmp/LocalScrollDerived/Build/Intermediates.noindex/LocalScroll.build/Debug-iphonesimulator/LocalScrollUITests.build/Objects-normal/arm64/LocalScrollUITests.SwiftFileList -DDEBUG -module-alias Testing\=_Testing_Unavailable -plugin-path /Applications/Xcode.app/Contents/Developer/Toolchains/XcodeDefault.xctoolchain/usr/lib/swift/host/plugins/testing -enable-bare-slash-regex -enable-experimental-feature DebugDescriptionMacro -sdk /Applications/Xcode.app/Contents/Developer/Platforms/iPhoneSimulator.platform/Developer/SDKs/iPhoneSimulator26.5.sdk -target arm64-apple-ios18.2-simulator -g -module-cache-path /tmp/LocalScrollDerived/ModuleCache.noindex -Xfrontend -serialize-debugging-options -profile-coverage-mapping -profile-generate -enable-testing -index-store-path /tmp/LocalScrollDerived/Index.noindex/DataStore -Xcc -D_LIBCPP_HARDENING_MODE\=_LIBCPP_HARDENING_MODE_DEBUG -swift-version 5 -I /tmp/LocalScrollDerived/Build/Products/Debug-iphonesimulator -Isystem /Applications/Xcode.app/Contents/Developer/Platforms/iPhoneSimulator.platform/Developer/usr/lib -F /tmp/LocalScrollDerived/Build/Products/Debug-iphonesimulator -F /Applications/Xcode.app/Contents/Developer/Platforms/iPhoneSimulator.platform/Developer/Library/Frameworks -F /Applications/Xcode.app/Contents/Developer/Platforms/iPhoneSimulator.platform/Developer/SDKs/iPhoneSimulator26.5.sdk/Developer/Library/Frameworks -c -j16 -enable-batch-mode -incremental -Xcc -ivfsstatcache -Xcc /tmp/LocalScrollDerived/SDKStatCaches.noindex/iphonesimulator26.5-23F73-6cfe768891a92b912361537c460fe42b.sdkstatcache -output-file-map /tmp/LocalScrollDerived/Build/Intermediates.noindex/LocalScroll.build/Debug-iphonesimulator/LocalScrollUITests.build/Objects-normal/arm64/LocalScrollUITests-OutputFileMap.json -use-frontend-parseable-output -save-temps -no-color-diagnostics -explicit-module-build -module-cache-path /tmp/LocalScrollDerived/Build/Intermediates.noindex/SwiftExplicitPrecompiledModules -clang-scanner-module-cache-path /tmp/LocalScrollDerived/ModuleCache.noindex -sdk-module-cache-path /tmp/LocalScrollDerived/ModuleCache.noindex -serialize-diagnostics -emit-dependencies -emit-module -emit-module-path /tmp/LocalScrollDerived/Build/Intermediates.noindex/LocalScroll.build/Debug-iphonesimulator/LocalScrollUITests.build/Objects-normal/arm64/LocalScrollUITests.swiftmodule -validate-clang-modules-once -clang-build-session-file /tmp/LocalScrollDerived/ModuleCache.noindex/Session.modulevalidation -Xcc -I/tmp/LocalScrollDerived/Build/Intermediates.noindex/LocalScroll.build/Debug-iphonesimulator/LocalScrollUITests.build/swift-overrides.hmap -emit-const-values -Xfrontend -const-gather-protocols-file -Xfrontend /tmp/LocalScrollDerived/Build/Intermediates.noindex/LocalScroll.build/Debug-iphonesimulator/LocalScrollUITests.build/Objects-normal/arm64/LocalScrollUITests_const_extract_protocols.json -Xcc -iquote -Xcc /tmp/LocalScrollDerived/Build/Intermediates.noindex/LocalScroll.build/Debug-iphonesimulator/LocalScrollUITests.build/LocalScrollUITests-generated-files.hmap -Xcc -I/tmp/LocalScrollDerived/Build/Intermediates.noindex/LocalScroll.build/Debug-iphonesimulator/LocalScrollUITests.build/LocalScrollUITests-own-target-headers.hmap -Xcc -I/tmp/LocalScrollDerived/Build/Intermediates.noindex/LocalScroll.build/Debug-iphonesimulator/LocalScrollUITests.build/LocalScrollUITests-all-non-framework-target-headers.hmap -Xcc -ivfsoverlay -Xcc /tmp/LocalScrollDerived/Build/Intermediates.noindex/LocalScroll.build/Debug-iphonesimulator/LocalScroll-b040b9c999c0951a7823b9397cd8b53e-VFS-iphonesimulator/all-product-headers.yaml -Xcc -iquote -Xcc /tmp/LocalScrollDerived/Build/Intermediates.noindex/LocalScroll.build/Debug-iphonesimulator/LocalScrollUITests.build/LocalScrollUITests-project-headers.hmap -Xcc -I/tmp/LocalScrollDerived/Build/Products/Debug-iphonesimulator/include -Xcc -I/tmp/LocalScrollDerived/Build/Intermediates.noindex/LocalScroll.build/Debug-iphonesimulator/LocalScrollUITests.build/DerivedSources-normal/arm64 -Xcc -I/tmp/LocalScrollDerived/Build/Intermediates.noindex/LocalScroll.build/Debug-iphonesimulator/LocalScrollUITests.build/DerivedSources/arm64 -Xcc -I/tmp/LocalScrollDerived/Build/Intermediates.noindex/LocalScroll.build/Debug-iphonesimulator/LocalScrollUITests.build/DerivedSources -Xcc -DDEBUG\=1 -emit-objc-header -emit-objc-header-path /tmp/LocalScrollDerived/Build/Intermediates.noindex/LocalScroll.build/Debug-iphonesimulator/LocalScrollUITests.build/Objects-normal/arm64/LocalScrollUITests-Swift.h -working-directory /Users/ipanda/Documents/Code/iosproject/LocalScroll_Xcode -experimental-emit-module-separately -disable-cmo

SwiftMergeGeneratedHeaders /tmp/LocalScrollDerived/Build/Intermediates.noindex/LocalScroll.build/Debug-iphonesimulator/LocalScrollUITests.build/DerivedSources/LocalScrollUITests-Swift.h /tmp/LocalScrollDerived/Build/Intermediates.noindex/LocalScroll.build/Debug-iphonesimulator/LocalScrollUITests.build/Objects-normal/arm64/LocalScrollUITests-Swift.h (in target 'LocalScrollUITests' from project 'LocalScroll')
    cd /Users/ipanda/Documents/Code/iosproject/LocalScroll_Xcode
    builtin-swiftHeaderTool -arch arm64 /tmp/LocalScrollDerived/Build/Intermediates.noindex/LocalScroll.build/Debug-iphonesimulator/LocalScrollUITests.build/Objects-normal/arm64/LocalScrollUITests-Swift.h -o /tmp/LocalScrollDerived/Build/Intermediates.noindex/LocalScroll.build/Debug-iphonesimulator/LocalScrollUITests.build/DerivedSources/LocalScrollUITests-Swift.h

Copy /tmp/LocalScrollDerived/Build/Products/Debug-iphonesimulator/LocalScrollUITests.swiftmodule/arm64-apple-ios-simulator.swiftdoc /tmp/LocalScrollDerived/Build/Intermediates.noindex/LocalScroll.build/Debug-iphonesimulator/LocalScrollUITests.build/Objects-normal/arm64/LocalScrollUITests.swiftdoc (in target 'LocalScrollUITests' from project 'LocalScroll')
    cd /Users/ipanda/Documents/Code/iosproject/LocalScroll_Xcode
    builtin-copy -exclude .DS_Store -exclude CVS -exclude .svn -exclude .git -exclude .hg -resolve-src-symlinks -rename /tmp/LocalScrollDerived/Build/Intermediates.noindex/LocalScroll.build/Debug-iphonesimulator/LocalScrollUITests.build/Objects-normal/arm64/LocalScrollUITests.swiftdoc /tmp/LocalScrollDerived/Build/Products/Debug-iphonesimulator/LocalScrollUITests.swiftmodule/arm64-apple-ios-simulator.swiftdoc

Copy /tmp/LocalScrollDerived/Build/Products/Debug-iphonesimulator/LocalScrollUITests.swiftmodule/arm64-apple-ios-simulator.swiftmodule /tmp/LocalScrollDerived/Build/Intermediates.noindex/LocalScroll.build/Debug-iphonesimulator/LocalScrollUITests.build/Objects-normal/arm64/LocalScrollUITests.swiftmodule (in target 'LocalScrollUITests' from project 'LocalScroll')
    cd /Users/ipanda/Documents/Code/iosproject/LocalScroll_Xcode
    builtin-copy -exclude .DS_Store -exclude CVS -exclude .svn -exclude .git -exclude .hg -resolve-src-symlinks -rename /tmp/LocalScrollDerived/Build/Intermediates.noindex/LocalScroll.build/Debug-iphonesimulator/LocalScrollUITests.build/Objects-normal/arm64/LocalScrollUITests.swiftmodule /tmp/LocalScrollDerived/Build/Products/Debug-iphonesimulator/LocalScrollUITests.swiftmodule/arm64-apple-ios-simulator.swiftmodule

Copy /tmp/LocalScrollDerived/Build/Products/Debug-iphonesimulator/LocalScrollUITests.swiftmodule/arm64-apple-ios-simulator.abi.json /tmp/LocalScrollDerived/Build/Intermediates.noindex/LocalScroll.build/Debug-iphonesimulator/LocalScrollUITests.build/Objects-normal/arm64/LocalScrollUITests.abi.json (in target 'LocalScrollUITests' from project 'LocalScroll')
    cd /Users/ipanda/Documents/Code/iosproject/LocalScroll_Xcode
    builtin-copy -exclude .DS_Store -exclude CVS -exclude .svn -exclude .git -exclude .hg -resolve-src-symlinks -rename /tmp/LocalScrollDerived/Build/Intermediates.noindex/LocalScroll.build/Debug-iphonesimulator/LocalScrollUITests.build/Objects-normal/arm64/LocalScrollUITests.abi.json /tmp/LocalScrollDerived/Build/Products/Debug-iphonesimulator/LocalScrollUITests.swiftmodule/arm64-apple-ios-simulator.abi.json

Copy /tmp/LocalScrollDerived/Build/Products/Debug-iphonesimulator/LocalScrollUITests.swiftmodule/Project/arm64-apple-ios-simulator.swiftsourceinfo /tmp/LocalScrollDerived/Build/Intermediates.noindex/LocalScroll.build/Debug-iphonesimulator/LocalScrollUITests.build/Objects-normal/arm64/LocalScrollUITests.swiftsourceinfo (in target 'LocalScrollUITests' from project 'LocalScroll')
    cd /Users/ipanda/Documents/Code/iosproject/LocalScroll_Xcode
    builtin-copy -exclude .DS_Store -exclude CVS -exclude .svn -exclude .git -exclude .hg -resolve-src-symlinks -rename /tmp/LocalScrollDerived/Build/Intermediates.noindex/LocalScroll.build/Debug-iphonesimulator/LocalScrollUITests.build/Objects-normal/arm64/LocalScrollUITests.swiftsourceinfo /tmp/LocalScrollDerived/Build/Products/Debug-iphonesimulator/LocalScrollUITests.swiftmodule/Project/arm64-apple-ios-simulator.swiftsourceinfo

SwiftDriverJobDiscovery normal arm64 Compiling LocalScrollTests.swift (in target 'LocalScrollTests' from project 'LocalScroll')

SwiftDriverJobDiscovery normal arm64 Compiling Phase7PolishTests.swift (in target 'LocalScrollTests' from project 'LocalScroll')

SwiftDriverJobDiscovery normal arm64 Compiling EndToEndComparisonTests.swift (in target 'LocalScrollTests' from project 'LocalScroll')

SwiftDriverJobDiscovery normal arm64 Compiling TranscriptCleanupTests.swift (in target 'LocalScrollTests' from project 'LocalScroll')

SwiftDriverJobDiscovery normal arm64 Compiling LocalScrollUITestsLaunchTests.swift (in target 'LocalScrollUITests' from project 'LocalScroll')

SwiftDriverJobDiscovery normal arm64 Emitting module for LocalScrollTests (in target 'LocalScrollTests' from project 'LocalScroll')

SwiftDriver\ Compilation\ Requirements LocalScrollTests normal arm64 com.apple.xcode.tools.swift.compiler (in target 'LocalScrollTests' from project 'LocalScroll')
    cd /Users/ipanda/Documents/Code/iosproject/LocalScroll_Xcode
    builtin-Swift-Compilation-Requirements -- /Applications/Xcode.app/Contents/Developer/Toolchains/XcodeDefault.xctoolchain/usr/bin/swiftc -module-name LocalScrollTests -Onone @/tmp/LocalScrollDerived/Build/Intermediates.noindex/LocalScroll.build/Debug-iphonesimulator/LocalScrollTests.build/Objects-normal/arm64/LocalScrollTests.SwiftFileList -DDEBUG -plugin-path /Applications/Xcode.app/Contents/Developer/Toolchains/XcodeDefault.xctoolchain/usr/lib/swift/host/plugins/testing -enable-bare-slash-regex -enable-experimental-feature DebugDescriptionMacro -sdk /Applications/Xcode.app/Contents/Developer/Platforms/iPhoneSimulator.platform/Developer/SDKs/iPhoneSimulator26.5.sdk -target arm64-apple-ios18.2-simulator -g -module-cache-path /tmp/LocalScrollDerived/ModuleCache.noindex -Xfrontend -serialize-debugging-options -profile-coverage-mapping -profile-generate -enable-testing -index-store-path /tmp/LocalScrollDerived/Index.noindex/DataStore -Xcc -D_LIBCPP_HARDENING_MODE\=_LIBCPP_HARDENING_MODE_DEBUG -swift-version 5 -I /tmp/LocalScrollDerived/Build/Products/Debug-iphonesimulator -Isystem /Applications/Xcode.app/Contents/Developer/Platforms/iPhoneSimulator.platform/Developer/usr/lib -F /tmp/LocalScrollDerived/Build/Products/Debug-iphonesimulator/PackageFrameworks -F /tmp/LocalScrollDerived/Build/Products/Debug-iphonesimulator -F /Applications/Xcode.app/Contents/Developer/Platforms/iPhoneSimulator.platform/Developer/Library/Frameworks -F /Applications/Xcode.app/Contents/Developer/Platforms/iPhoneSimulator.platform/Developer/SDKs/iPhoneSimulator26.5.sdk/Developer/Library/Frameworks -c -j16 -enable-batch-mode -incremental -Xcc -ivfsstatcache -Xcc /tmp/LocalScrollDerived/SDKStatCaches.noindex/iphonesimulator26.5-23F73-6cfe768891a92b912361537c460fe42b.sdkstatcache -output-file-map /tmp/LocalScrollDerived/Build/Intermediates.noindex/LocalScroll.build/Debug-iphonesimulator/LocalScrollTests.build/Objects-normal/arm64/LocalScrollTests-OutputFileMap.json -use-frontend-parseable-output -save-temps -no-color-diagnostics -explicit-module-build -module-cache-path /tmp/LocalScrollDerived/Build/Intermediates.noindex/SwiftExplicitPrecompiledModules -clang-scanner-module-cache-path /tmp/LocalScrollDerived/ModuleCache.noindex -sdk-module-cache-path /tmp/LocalScrollDerived/ModuleCache.noindex -serialize-diagnostics -emit-dependencies -emit-module -emit-module-path /tmp/LocalScrollDerived/Build/Intermediates.noindex/LocalScroll.build/Debug-iphonesimulator/LocalScrollTests.build/Objects-normal/arm64/LocalScrollTests.swiftmodule -validate-clang-modules-once -clang-build-session-file /tmp/LocalScrollDerived/ModuleCache.noindex/Session.modulevalidation -Xcc -I/tmp/LocalScrollDerived/Build/Intermediates.noindex/LocalScroll.build/Debug-iphonesimulator/LocalScrollTests.build/swift-overrides.hmap -emit-const-values -Xfrontend -const-gather-protocols-file -Xfrontend /tmp/LocalScrollDerived/Build/Intermediates.noindex/LocalScroll.build/Debug-iphonesimulator/LocalScrollTests.build/Objects-normal/arm64/LocalScrollTests_const_extract_protocols.json -Xcc -iquote -Xcc /tmp/LocalScrollDerived/Build/Intermediates.noindex/LocalScroll.build/Debug-iphonesimulator/LocalScrollTests.build/LocalScrollTests-generated-files.hmap -Xcc -I/tmp/LocalScrollDerived/Build/Intermediates.noindex/LocalScroll.build/Debug-iphonesimulator/LocalScrollTests.build/LocalScrollTests-own-target-headers.hmap -Xcc -I/tmp/LocalScrollDerived/Build/Intermediates.noindex/LocalScroll.build/Debug-iphonesimulator/LocalScrollTests.build/LocalScrollTests-all-non-framework-target-headers.hmap -Xcc -ivfsoverlay -Xcc /tmp/LocalScrollDerived/Build/Intermediates.noindex/LocalScroll.build/Debug-iphonesimulator/LocalScroll-b040b9c999c0951a7823b9397cd8b53e-VFS-iphonesimulator/all-product-headers.yaml -Xcc -iquote -Xcc /tmp/LocalScrollDerived/Build/Intermediates.noindex/LocalScroll.build/Debug-iphonesimulator/LocalScrollTests.build/LocalScrollTests-project-headers.hmap -Xcc -I/tmp/LocalScrollDerived/Build/Products/Debug-iphonesimulator/include -Xcc -I/tmp/LocalScrollDerived/Build/Intermediates.noindex/LocalScroll.build/Debug-iphonesimulator/LocalScrollTests.build/DerivedSources-normal/arm64 -Xcc -I/tmp/LocalScrollDerived/Build/Intermediates.noindex/LocalScroll.build/Debug-iphonesimulator/LocalScrollTests.build/DerivedSources/arm64 -Xcc -I/tmp/LocalScrollDerived/Build/Intermediates.noindex/LocalScroll.build/Debug-iphonesimulator/LocalScrollTests.build/DerivedSources -Xcc -DDEBUG\=1 -emit-objc-header -emit-objc-header-path /tmp/LocalScrollDerived/Build/Intermediates.noindex/LocalScroll.build/Debug-iphonesimulator/LocalScrollTests.build/Objects-normal/arm64/LocalScrollTests-Swift.h -working-directory /Users/ipanda/Documents/Code/iosproject/LocalScroll_Xcode -experimental-emit-module-separately -disable-cmo

SwiftMergeGeneratedHeaders /tmp/LocalScrollDerived/Build/Intermediates.noindex/LocalScroll.build/Debug-iphonesimulator/LocalScrollTests.build/DerivedSources/LocalScrollTests-Swift.h /tmp/LocalScrollDerived/Build/Intermediates.noindex/LocalScroll.build/Debug-iphonesimulator/LocalScrollTests.build/Objects-normal/arm64/LocalScrollTests-Swift.h (in target 'LocalScrollTests' from project 'LocalScroll')
    cd /Users/ipanda/Documents/Code/iosproject/LocalScroll_Xcode
    builtin-swiftHeaderTool -arch arm64 /tmp/LocalScrollDerived/Build/Intermediates.noindex/LocalScroll.build/Debug-iphonesimulator/LocalScrollTests.build/Objects-normal/arm64/LocalScrollTests-Swift.h -o /tmp/LocalScrollDerived/Build/Intermediates.noindex/LocalScroll.build/Debug-iphonesimulator/LocalScrollTests.build/DerivedSources/LocalScrollTests-Swift.h

Copy /tmp/LocalScrollDerived/Build/Products/Debug-iphonesimulator/LocalScrollTests.swiftmodule/arm64-apple-ios-simulator.swiftmodule /tmp/LocalScrollDerived/Build/Intermediates.noindex/LocalScroll.build/Debug-iphonesimulator/LocalScrollTests.build/Objects-normal/arm64/LocalScrollTests.swiftmodule (in target 'LocalScrollTests' from project 'LocalScroll')
    cd /Users/ipanda/Documents/Code/iosproject/LocalScroll_Xcode
    builtin-copy -exclude .DS_Store -exclude CVS -exclude .svn -exclude .git -exclude .hg -resolve-src-symlinks -rename /tmp/LocalScrollDerived/Build/Intermediates.noindex/LocalScroll.build/Debug-iphonesimulator/LocalScrollTests.build/Objects-normal/arm64/LocalScrollTests.swiftmodule /tmp/LocalScrollDerived/Build/Products/Debug-iphonesimulator/LocalScrollTests.swiftmodule/arm64-apple-ios-simulator.swiftmodule

Copy /tmp/LocalScrollDerived/Build/Products/Debug-iphonesimulator/LocalScrollTests.swiftmodule/arm64-apple-ios-simulator.swiftdoc /tmp/LocalScrollDerived/Build/Intermediates.noindex/LocalScroll.build/Debug-iphonesimulator/LocalScrollTests.build/Objects-normal/arm64/LocalScrollTests.swiftdoc (in target 'LocalScrollTests' from project 'LocalScroll')
    cd /Users/ipanda/Documents/Code/iosproject/LocalScroll_Xcode
    builtin-copy -exclude .DS_Store -exclude CVS -exclude .svn -exclude .git -exclude .hg -resolve-src-symlinks -rename /tmp/LocalScrollDerived/Build/Intermediates.noindex/LocalScroll.build/Debug-iphonesimulator/LocalScrollTests.build/Objects-normal/arm64/LocalScrollTests.swiftdoc /tmp/LocalScrollDerived/Build/Products/Debug-iphonesimulator/LocalScrollTests.swiftmodule/arm64-apple-ios-simulator.swiftdoc

Copy /tmp/LocalScrollDerived/Build/Products/Debug-iphonesimulator/LocalScrollTests.swiftmodule/Project/arm64-apple-ios-simulator.swiftsourceinfo /tmp/LocalScrollDerived/Build/Intermediates.noindex/LocalScroll.build/Debug-iphonesimulator/LocalScrollTests.build/Objects-normal/arm64/LocalScrollTests.swiftsourceinfo (in target 'LocalScrollTests' from project 'LocalScroll')
    cd /Users/ipanda/Documents/Code/iosproject/LocalScroll_Xcode
    builtin-copy -exclude .DS_Store -exclude CVS -exclude .svn -exclude .git -exclude .hg -resolve-src-symlinks -rename /tmp/LocalScrollDerived/Build/Intermediates.noindex/LocalScroll.build/Debug-iphonesimulator/LocalScrollTests.build/Objects-normal/arm64/LocalScrollTests.swiftsourceinfo /tmp/LocalScrollDerived/Build/Products/Debug-iphonesimulator/LocalScrollTests.swiftmodule/Project/arm64-apple-ios-simulator.swiftsourceinfo

Copy /tmp/LocalScrollDerived/Build/Products/Debug-iphonesimulator/LocalScrollTests.swiftmodule/arm64-apple-ios-simulator.abi.json /tmp/LocalScrollDerived/Build/Intermediates.noindex/LocalScroll.build/Debug-iphonesimulator/LocalScrollTests.build/Objects-normal/arm64/LocalScrollTests.abi.json (in target 'LocalScrollTests' from project 'LocalScroll')
    cd /Users/ipanda/Documents/Code/iosproject/LocalScroll_Xcode
    builtin-copy -exclude .DS_Store -exclude CVS -exclude .svn -exclude .git -exclude .hg -resolve-src-symlinks -rename /tmp/LocalScrollDerived/Build/Intermediates.noindex/LocalScroll.build/Debug-iphonesimulator/LocalScrollTests.build/Objects-normal/arm64/LocalScrollTests.abi.json /tmp/LocalScrollDerived/Build/Products/Debug-iphonesimulator/LocalScrollTests.swiftmodule/arm64-apple-ios-simulator.abi.json

SwiftDriverJobDiscovery normal arm64 Compiling LocalScrollUITests.swift (in target 'LocalScrollUITests' from project 'LocalScroll')

SwiftDriver\ Compilation LocalScrollUITests normal arm64 com.apple.xcode.tools.swift.compiler (in target 'LocalScrollUITests' from project 'LocalScroll')
    cd /Users/ipanda/Documents/Code/iosproject/LocalScroll_Xcode
    builtin-Swift-Compilation -- /Applications/Xcode.app/Contents/Developer/Toolchains/XcodeDefault.xctoolchain/usr/bin/swiftc -module-name LocalScrollUITests -Onone @/tmp/LocalScrollDerived/Build/Intermediates.noindex/LocalScroll.build/Debug-iphonesimulator/LocalScrollUITests.build/Objects-normal/arm64/LocalScrollUITests.SwiftFileList -DDEBUG -module-alias Testing\=_Testing_Unavailable -plugin-path /Applications/Xcode.app/Contents/Developer/Toolchains/XcodeDefault.xctoolchain/usr/lib/swift/host/plugins/testing -enable-bare-slash-regex -enable-experimental-feature DebugDescriptionMacro -sdk /Applications/Xcode.app/Contents/Developer/Platforms/iPhoneSimulator.platform/Developer/SDKs/iPhoneSimulator26.5.sdk -target arm64-apple-ios18.2-simulator -g -module-cache-path /tmp/LocalScrollDerived/ModuleCache.noindex -Xfrontend -serialize-debugging-options -profile-coverage-mapping -profile-generate -enable-testing -index-store-path /tmp/LocalScrollDerived/Index.noindex/DataStore -Xcc -D_LIBCPP_HARDENING_MODE\=_LIBCPP_HARDENING_MODE_DEBUG -swift-version 5 -I /tmp/LocalScrollDerived/Build/Products/Debug-iphonesimulator -Isystem /Applications/Xcode.app/Contents/Developer/Platforms/iPhoneSimulator.platform/Developer/usr/lib -F /tmp/LocalScrollDerived/Build/Products/Debug-iphonesimulator -F /Applications/Xcode.app/Contents/Developer/Platforms/iPhoneSimulator.platform/Developer/Library/Frameworks -F /Applications/Xcode.app/Contents/Developer/Platforms/iPhoneSimulator.platform/Developer/SDKs/iPhoneSimulator26.5.sdk/Developer/Library/Frameworks -c -j16 -enable-batch-mode -incremental -Xcc -ivfsstatcache -Xcc /tmp/LocalScrollDerived/SDKStatCaches.noindex/iphonesimulator26.5-23F73-6cfe768891a92b912361537c460fe42b.sdkstatcache -output-file-map /tmp/LocalScrollDerived/Build/Intermediates.noindex/LocalScroll.build/Debug-iphonesimulator/LocalScrollUITests.build/Objects-normal/arm64/LocalScrollUITests-OutputFileMap.json -use-frontend-parseable-output -save-temps -no-color-diagnostics -explicit-module-build -module-cache-path /tmp/LocalScrollDerived/Build/Intermediates.noindex/SwiftExplicitPrecompiledModules -clang-scanner-module-cache-path /tmp/LocalScrollDerived/ModuleCache.noindex -sdk-module-cache-path /tmp/LocalScrollDerived/ModuleCache.noindex -serialize-diagnostics -emit-dependencies -emit-module -emit-module-path /tmp/LocalScrollDerived/Build/Intermediates.noindex/LocalScroll.build/Debug-iphonesimulator/LocalScrollUITests.build/Objects-normal/arm64/LocalScrollUITests.swiftmodule -validate-clang-modules-once -clang-build-session-file /tmp/LocalScrollDerived/ModuleCache.noindex/Session.modulevalidation -Xcc -I/tmp/LocalScrollDerived/Build/Intermediates.noindex/LocalScroll.build/Debug-iphonesimulator/LocalScrollUITests.build/swift-overrides.hmap -emit-const-values -Xfrontend -const-gather-protocols-file -Xfrontend /tmp/LocalScrollDerived/Build/Intermediates.noindex/LocalScroll.build/Debug-iphonesimulator/LocalScrollUITests.build/Objects-normal/arm64/LocalScrollUITests_const_extract_protocols.json -Xcc -iquote -Xcc /tmp/LocalScrollDerived/Build/Intermediates.noindex/LocalScroll.build/Debug-iphonesimulator/LocalScrollUITests.build/LocalScrollUITests-generated-files.hmap -Xcc -I/tmp/LocalScrollDerived/Build/Intermediates.noindex/LocalScroll.build/Debug-iphonesimulator/LocalScrollUITests.build/LocalScrollUITests-own-target-headers.hmap -Xcc -I/tmp/LocalScrollDerived/Build/Intermediates.noindex/LocalScroll.build/Debug-iphonesimulator/LocalScrollUITests.build/LocalScrollUITests-all-non-framework-target-headers.hmap -Xcc -ivfsoverlay -Xcc /tmp/LocalScrollDerived/Build/Intermediates.noindex/LocalScroll.build/Debug-iphonesimulator/LocalScroll-b040b9c999c0951a7823b9397cd8b53e-VFS-iphonesimulator/all-product-headers.yaml -Xcc -iquote -Xcc /tmp/LocalScrollDerived/Build/Intermediates.noindex/LocalScroll.build/Debug-iphonesimulator/LocalScrollUITests.build/LocalScrollUITests-project-headers.hmap -Xcc -I/tmp/LocalScrollDerived/Build/Products/Debug-iphonesimulator/include -Xcc -I/tmp/LocalScrollDerived/Build/Intermediates.noindex/LocalScroll.build/Debug-iphonesimulator/LocalScrollUITests.build/DerivedSources-normal/arm64 -Xcc -I/tmp/LocalScrollDerived/Build/Intermediates.noindex/LocalScroll.build/Debug-iphonesimulator/LocalScrollUITests.build/DerivedSources/arm64 -Xcc -I/tmp/LocalScrollDerived/Build/Intermediates.noindex/LocalScroll.build/Debug-iphonesimulator/LocalScrollUITests.build/DerivedSources -Xcc -DDEBUG\=1 -emit-objc-header -emit-objc-header-path /tmp/LocalScrollDerived/Build/Intermediates.noindex/LocalScroll.build/Debug-iphonesimulator/LocalScrollUITests.build/Objects-normal/arm64/LocalScrollUITests-Swift.h -working-directory /Users/ipanda/Documents/Code/iosproject/LocalScroll_Xcode -experimental-emit-module-separately -disable-cmo

SwiftDriverJobDiscovery normal arm64 Compiling HistoryAndImportTests.swift (in target 'LocalScrollTests' from project 'LocalScroll')

SwiftDriverJobDiscovery normal arm64 Compiling AcceptanceLogicTests.swift (in target 'LocalScrollTests' from project 'LocalScroll')

SwiftDriverJobDiscovery normal arm64 Compiling TranscriptSummaryTests.swift (in target 'LocalScrollTests' from project 'LocalScroll')

SwiftDriverJobDiscovery normal arm64 Compiling AdapterPhaseTests.swift (in target 'LocalScrollTests' from project 'LocalScroll')

SwiftDriverJobDiscovery normal arm64 Compiling PipelinePhaseTests.swift (in target 'LocalScrollTests' from project 'LocalScroll')

SwiftDriver\ Compilation LocalScrollTests normal arm64 com.apple.xcode.tools.swift.compiler (in target 'LocalScrollTests' from project 'LocalScroll')
    cd /Users/ipanda/Documents/Code/iosproject/LocalScroll_Xcode
    builtin-Swift-Compilation -- /Applications/Xcode.app/Contents/Developer/Toolchains/XcodeDefault.xctoolchain/usr/bin/swiftc -module-name LocalScrollTests -Onone @/tmp/LocalScrollDerived/Build/Intermediates.noindex/LocalScroll.build/Debug-iphonesimulator/LocalScrollTests.build/Objects-normal/arm64/LocalScrollTests.SwiftFileList -DDEBUG -plugin-path /Applications/Xcode.app/Contents/Developer/Toolchains/XcodeDefault.xctoolchain/usr/lib/swift/host/plugins/testing -enable-bare-slash-regex -enable-experimental-feature DebugDescriptionMacro -sdk /Applications/Xcode.app/Contents/Developer/Platforms/iPhoneSimulator.platform/Developer/SDKs/iPhoneSimulator26.5.sdk -target arm64-apple-ios18.2-simulator -g -module-cache-path /tmp/LocalScrollDerived/ModuleCache.noindex -Xfrontend -serialize-debugging-options -profile-coverage-mapping -profile-generate -enable-testing -index-store-path /tmp/LocalScrollDerived/Index.noindex/DataStore -Xcc -D_LIBCPP_HARDENING_MODE\=_LIBCPP_HARDENING_MODE_DEBUG -swift-version 5 -I /tmp/LocalScrollDerived/Build/Products/Debug-iphonesimulator -Isystem /Applications/Xcode.app/Contents/Developer/Platforms/iPhoneSimulator.platform/Developer/usr/lib -F /tmp/LocalScrollDerived/Build/Products/Debug-iphonesimulator/PackageFrameworks -F /tmp/LocalScrollDerived/Build/Products/Debug-iphonesimulator -F /Applications/Xcode.app/Contents/Developer/Platforms/iPhoneSimulator.platform/Developer/Library/Frameworks -F /Applications/Xcode.app/Contents/Developer/Platforms/iPhoneSimulator.platform/Developer/SDKs/iPhoneSimulator26.5.sdk/Developer/Library/Frameworks -c -j16 -enable-batch-mode -incremental -Xcc -ivfsstatcache -Xcc /tmp/LocalScrollDerived/SDKStatCaches.noindex/iphonesimulator26.5-23F73-6cfe768891a92b912361537c460fe42b.sdkstatcache -output-file-map /tmp/LocalScrollDerived/Build/Intermediates.noindex/LocalScroll.build/Debug-iphonesimulator/LocalScrollTests.build/Objects-normal/arm64/LocalScrollTests-OutputFileMap.json -use-frontend-parseable-output -save-temps -no-color-diagnostics -explicit-module-build -module-cache-path /tmp/LocalScrollDerived/Build/Intermediates.noindex/SwiftExplicitPrecompiledModules -clang-scanner-module-cache-path /tmp/LocalScrollDerived/ModuleCache.noindex -sdk-module-cache-path /tmp/LocalScrollDerived/ModuleCache.noindex -serialize-diagnostics -emit-dependencies -emit-module -emit-module-path /tmp/LocalScrollDerived/Build/Intermediates.noindex/LocalScroll.build/Debug-iphonesimulator/LocalScrollTests.build/Objects-normal/arm64/LocalScrollTests.swiftmodule -validate-clang-modules-once -clang-build-session-file /tmp/LocalScrollDerived/ModuleCache.noindex/Session.modulevalidation -Xcc -I/tmp/LocalScrollDerived/Build/Intermediates.noindex/LocalScroll.build/Debug-iphonesimulator/LocalScrollTests.build/swift-overrides.hmap -emit-const-values -Xfrontend -const-gather-protocols-file -Xfrontend /tmp/LocalScrollDerived/Build/Intermediates.noindex/LocalScroll.build/Debug-iphonesimulator/LocalScrollTests.build/Objects-normal/arm64/LocalScrollTests_const_extract_protocols.json -Xcc -iquote -Xcc /tmp/LocalScrollDerived/Build/Intermediates.noindex/LocalScroll.build/Debug-iphonesimulator/LocalScrollTests.build/LocalScrollTests-generated-files.hmap -Xcc -I/tmp/LocalScrollDerived/Build/Intermediates.noindex/LocalScroll.build/Debug-iphonesimulator/LocalScrollTests.build/LocalScrollTests-own-target-headers.hmap -Xcc -I/tmp/LocalScrollDerived/Build/Intermediates.noindex/LocalScroll.build/Debug-iphonesimulator/LocalScrollTests.build/LocalScrollTests-all-non-framework-target-headers.hmap -Xcc -ivfsoverlay -Xcc /tmp/LocalScrollDerived/Build/Intermediates.noindex/LocalScroll.build/Debug-iphonesimulator/LocalScroll-b040b9c999c0951a7823b9397cd8b53e-VFS-iphonesimulator/all-product-headers.yaml -Xcc -iquote -Xcc /tmp/LocalScrollDerived/Build/Intermediates.noindex/LocalScroll.build/Debug-iphonesimulator/LocalScrollTests.build/LocalScrollTests-project-headers.hmap -Xcc -I/tmp/LocalScrollDerived/Build/Products/Debug-iphonesimulator/include -Xcc -I/tmp/LocalScrollDerived/Build/Intermediates.noindex/LocalScroll.build/Debug-iphonesimulator/LocalScrollTests.build/DerivedSources-normal/arm64 -Xcc -I/tmp/LocalScrollDerived/Build/Intermediates.noindex/LocalScroll.build/Debug-iphonesimulator/LocalScrollTests.build/DerivedSources/arm64 -Xcc -I/tmp/LocalScrollDerived/Build/Intermediates.noindex/LocalScroll.build/Debug-iphonesimulator/LocalScrollTests.build/DerivedSources -Xcc -DDEBUG\=1 -emit-objc-header -emit-objc-header-path /tmp/LocalScrollDerived/Build/Intermediates.noindex/LocalScroll.build/Debug-iphonesimulator/LocalScrollTests.build/Objects-normal/arm64/LocalScrollTests-Swift.h -working-directory /Users/ipanda/Documents/Code/iosproject/LocalScroll_Xcode -experimental-emit-module-separately -disable-cmo

Ld /tmp/LocalScrollDerived/Build/Products/Debug-iphonesimulator/LocalScroll.app/PlugIns/LocalScrollTests.xctest/LocalScrollTests normal (in target 'LocalScrollTests' from project 'LocalScroll')
    cd /Users/ipanda/Documents/Code/iosproject/LocalScroll_Xcode
    /Applications/Xcode.app/Contents/Developer/Toolchains/XcodeDefault.xctoolchain/usr/bin/clang -Xlinker -reproducible -target arm64-apple-ios18.2-simulator -bundle -isysroot /Applications/Xcode.app/Contents/Developer/Platforms/iPhoneSimulator.platform/Developer/SDKs/iPhoneSimulator26.5.sdk -O0 -L/tmp/LocalScrollDerived/Build/Intermediates.noindex/EagerLinkingTBDs/Debug-iphonesimulator -L/tmp/LocalScrollDerived/Build/Products/Debug-iphonesimulator -L/Applications/Xcode.app/Contents/Developer/Platforms/iPhoneSimulator.platform/Developer/usr/lib -F/tmp/LocalScrollDerived/Build/Intermediates.noindex/EagerLinkingTBDs/Debug-iphonesimulator -F/tmp/LocalScrollDerived/Build/Products/Debug-iphonesimulator/PackageFrameworks -F/tmp/LocalScrollDerived/Build/Products/Debug-iphonesimulator -iframework /Applications/Xcode.app/Contents/Developer/Platforms/iPhoneSimulator.platform/Developer/Library/Frameworks -iframework /Applications/Xcode.app/Contents/Developer/Platforms/iPhoneSimulator.platform/Developer/SDKs/iPhoneSimulator26.5.sdk/Developer/Library/Frameworks -filelist /tmp/LocalScrollDerived/Build/Intermediates.noindex/LocalScroll.build/Debug-iphonesimulator/LocalScrollTests.build/Objects-normal/arm64/LocalScrollTests.LinkFileList -Xlinker -rpath -Xlinker /usr/lib/swift -Xlinker -rpath -Xlinker /tmp/LocalScrollDerived/Build/Products/Debug-iphonesimulator/PackageFrameworks -Xlinker -rpath -Xlinker @loader_path/Frameworks -Xlinker -rpath -Xlinker @executable_path/Frameworks -Xlinker -dead_strip -bundle_loader /tmp/LocalScrollDerived/Build/Products/Debug-iphonesimulator/LocalScroll.app/LocalScroll -Xlinker -object_path_lto -Xlinker /tmp/LocalScrollDerived/Build/Intermediates.noindex/LocalScroll.build/Debug-iphonesimulator/LocalScrollTests.build/Objects-normal/arm64/LocalScrollTests_lto.o -rdynamic -Xlinker -no_deduplicate -Xlinker -objc_abi_version -Xlinker 2 -Xlinker -debug_variant -Xlinker -dependency_info -Xlinker /tmp/LocalScrollDerived/Build/Intermediates.noindex/LocalScroll.build/Debug-iphonesimulator/LocalScrollTests.build/Objects-normal/arm64/LocalScrollTests_dependency_info.dat -fobjc-link-runtime -fprofile-instr-generate -L/Applications/Xcode.app/Contents/Developer/Toolchains/XcodeDefault.xctoolchain/usr/lib/swift/iphonesimulator -L/usr/lib/swift -Xlinker -add_ast_path -Xlinker /tmp/LocalScrollDerived/Build/Intermediates.noindex/LocalScroll.build/Debug-iphonesimulator/LocalScrollTests.build/Objects-normal/arm64/LocalScrollTests.swiftmodule @/tmp/LocalScrollDerived/Build/Intermediates.noindex/LocalScroll.build/Debug-iphonesimulator/LocalScrollTests.build/Objects-normal/arm64/LocalScrollTests-linker-args.resp -Wl,-no_warn_duplicate_libraries -Xlinker -needed_framework -Xlinker XCTest -framework XCTest -Xlinker -needed-lXCTestSwiftSupport -lXCTestSwiftSupport /tmp/LocalScrollDerived/Build/Products/Debug-iphonesimulator/LocalScroll.app/LocalScroll.debug.dylib -o /tmp/LocalScrollDerived/Build/Products/Debug-iphonesimulator/LocalScroll.app/PlugIns/LocalScrollTests.xctest/LocalScrollTests

CopySwiftLibs /tmp/LocalScrollDerived/Build/Products/Debug-iphonesimulator/LocalScroll.app/PlugIns/LocalScrollTests.xctest (in target 'LocalScrollTests' from project 'LocalScroll')
    cd /Users/ipanda/Documents/Code/iosproject/LocalScroll_Xcode
    builtin-swiftStdLibTool --copy --verbose --scan-executable /tmp/LocalScrollDerived/Build/Products/Debug-iphonesimulator/LocalScroll.app/PlugIns/LocalScrollTests.xctest/LocalScrollTests --scan-folder /tmp/LocalScrollDerived/Build/Products/Debug-iphonesimulator/LocalScroll.app/PlugIns/LocalScrollTests.xctest/Frameworks --scan-folder /tmp/LocalScrollDerived/Build/Products/Debug-iphonesimulator/LocalScroll.app/PlugIns/LocalScrollTests.xctest/PlugIns --scan-folder /tmp/LocalScrollDerived/Build/Products/Debug-iphonesimulator/LocalScroll.app/PlugIns/LocalScrollTests.xctest/SystemExtensions --scan-folder /tmp/LocalScrollDerived/Build/Products/Debug-iphonesimulator/LocalScroll.app/PlugIns/LocalScrollTests.xctest/Extensions --platform iphonesimulator --toolchain /Applications/Xcode.app/Contents/Developer/Toolchains/XcodeDefault.xctoolchain --destination /tmp/LocalScrollDerived/Build/Products/Debug-iphonesimulator/LocalScroll.app/PlugIns/LocalScrollTests.xctest/Frameworks --strip-bitcode --scan-executable /Applications/Xcode.app/Contents/Developer/Platforms/iPhoneSimulator.platform/Developer/usr/lib/libXCTestSwiftSupport.dylib --strip-bitcode-tool /Applications/Xcode.app/Contents/Developer/Toolchains/XcodeDefault.xctoolchain/usr/bin/bitcode_strip --emit-dependency-info /tmp/LocalScrollDerived/Build/Intermediates.noindex/LocalScroll.build/Debug-iphonesimulator/LocalScrollTests.build/SwiftStdLibToolInputDependencies.dep --filter-for-swift-os
Ignoring --strip-bitcode because --sign was not passed

ExtractAppIntentsMetadata (in target 'LocalScrollTests' from project 'LocalScroll')
    cd /Users/ipanda/Documents/Code/iosproject/LocalScroll_Xcode
    /Applications/Xcode.app/Contents/Developer/Toolchains/XcodeDefault.xctoolchain/usr/bin/appintentsmetadataprocessor --toolchain-dir /Applications/Xcode.app/Contents/Developer/Toolchains/XcodeDefault.xctoolchain --module-name LocalScrollTests --sdk-root /Applications/Xcode.app/Contents/Developer/Platforms/iPhoneSimulator.platform/Developer/SDKs/iPhoneSimulator26.5.sdk --xcode-version 17F42 --platform-family iOS --deployment-target 18.2 --bundle-identifier Aaron-Wang.LocalScrollTests --output /tmp/LocalScrollDerived/Build/Products/Debug-iphonesimulator/LocalScroll.app/PlugIns/LocalScrollTests.xctest --target-triple arm64-apple-ios18.2-simulator --binary-file /tmp/LocalScrollDerived/Build/Products/Debug-iphonesimulator/LocalScroll.app/PlugIns/LocalScrollTests.xctest/LocalScrollTests --dependency-file /tmp/LocalScrollDerived/Build/Intermediates.noindex/LocalScroll.build/Debug-iphonesimulator/LocalScrollTests.build/Objects-normal/arm64/LocalScrollTests_dependency_info.dat --stringsdata-file /tmp/LocalScrollDerived/Build/Intermediates.noindex/LocalScroll.build/Debug-iphonesimulator/LocalScrollTests.build/Objects-normal/arm64/ExtractedAppShortcutsMetadata.stringsdata --source-file-list /tmp/LocalScrollDerived/Build/Intermediates.noindex/LocalScroll.build/Debug-iphonesimulator/LocalScrollTests.build/Objects-normal/arm64/LocalScrollTests.SwiftFileList --metadata-file-list /tmp/LocalScrollDerived/Build/Intermediates.noindex/LocalScroll.build/Debug-iphonesimulator/LocalScrollTests.build/LocalScrollTests.DependencyMetadataFileList --static-metadata-file-list /tmp/LocalScrollDerived/Build/Intermediates.noindex/LocalScroll.build/Debug-iphonesimulator/LocalScrollTests.build/LocalScrollTests.DependencyStaticMetadataFileList --swift-const-vals-list /tmp/LocalScrollDerived/Build/Intermediates.noindex/LocalScroll.build/Debug-iphonesimulator/LocalScrollTests.build/Objects-normal/arm64/LocalScrollTests.SwiftConstValuesFileList --compile-time-extraction --deployment-aware-processing --validate-assistant-intents --no-app-shortcuts-localization
2026-06-05 15:45:17.381 appintentsmetadataprocessor[24176:720339] Starting appintentsmetadataprocessor export
2026-06-05 15:45:17.383 appintentsmetadataprocessor[24176:720339] warning: Metadata extraction skipped. No AppIntents.framework dependency found.

AppIntentsSSUTraining (in target 'LocalScrollTests' from project 'LocalScroll')
    cd /Users/ipanda/Documents/Code/iosproject/LocalScroll_Xcode
    /Applications/Xcode.app/Contents/Developer/Toolchains/XcodeDefault.xctoolchain/usr/bin/appintentsnltrainingprocessor --infoplist-path /tmp/LocalScrollDerived/Build/Products/Debug-iphonesimulator/LocalScroll.app/PlugIns/LocalScrollTests.xctest/Info.plist --temp-dir-path /tmp/LocalScrollDerived/Build/Intermediates.noindex/LocalScroll.build/Debug-iphonesimulator/LocalScrollTests.build/ssu --bundle-id Aaron-Wang.LocalScrollTests --product-path /tmp/LocalScrollDerived/Build/Products/Debug-iphonesimulator/LocalScroll.app/PlugIns/LocalScrollTests.xctest --extracted-metadata-path /tmp/LocalScrollDerived/Build/Products/Debug-iphonesimulator/LocalScroll.app/PlugIns/LocalScrollTests.xctest/Metadata.appintents --metadata-file-list /tmp/LocalScrollDerived/Build/Intermediates.noindex/LocalScroll.build/Debug-iphonesimulator/LocalScrollTests.build/LocalScrollTests.DependencyMetadataFileList --source-file /tmp/LocalScrollDerived/Build/Products/Debug-iphonesimulator/LocalScroll.app/PlugIns/LocalScrollTests.xctest/Info.plist --archive-ssu-assets
2026-06-05 15:45:17.398 appintentsnltrainingprocessor[24177:720340] Parsing options for appintentsnltrainingprocessor
2026-06-05 15:45:17.398 appintentsnltrainingprocessor[24177:720340] Starting AppIntents SSU YAML Generation
2026-06-05 15:45:17.398 appintentsnltrainingprocessor[24177:720340] No AppShortcuts found - Skipping.

RegisterExecutionPolicyException /tmp/LocalScrollDerived/Build/Products/Debug-iphonesimulator/LocalScroll.app/PlugIns/LocalScrollTests.xctest (in target 'LocalScrollTests' from project 'LocalScroll')
    cd /Users/ipanda/Documents/Code/iosproject/LocalScroll_Xcode
    builtin-RegisterExecutionPolicyException /tmp/LocalScrollDerived/Build/Products/Debug-iphonesimulator/LocalScroll.app/PlugIns/LocalScrollTests.xctest

Touch /tmp/LocalScrollDerived/Build/Products/Debug-iphonesimulator/LocalScroll.app/PlugIns/LocalScrollTests.xctest (in target 'LocalScrollTests' from project 'LocalScroll')
    cd /Users/ipanda/Documents/Code/iosproject/LocalScroll_Xcode
    /usr/bin/touch -c /tmp/LocalScrollDerived/Build/Products/Debug-iphonesimulator/LocalScroll.app/PlugIns/LocalScrollTests.xctest

RegisterExecutionPolicyException /tmp/LocalScrollDerived/Build/Products/Debug-iphonesimulator/LocalScroll.app (in target 'LocalScroll' from project 'LocalScroll')
    cd /Users/ipanda/Documents/Code/iosproject/LocalScroll_Xcode
    builtin-RegisterExecutionPolicyException /tmp/LocalScrollDerived/Build/Products/Debug-iphonesimulator/LocalScroll.app

Validate /tmp/LocalScrollDerived/Build/Products/Debug-iphonesimulator/LocalScroll.app (in target 'LocalScroll' from project 'LocalScroll')
    cd /Users/ipanda/Documents/Code/iosproject/LocalScroll_Xcode
    builtin-validationUtility /tmp/LocalScrollDerived/Build/Products/Debug-iphonesimulator/LocalScroll.app -shallow-bundle -infoplist-subpath Info.plist

Touch /tmp/LocalScrollDerived/Build/Products/Debug-iphonesimulator/LocalScroll.app (in target 'LocalScroll' from project 'LocalScroll')
    cd /Users/ipanda/Documents/Code/iosproject/LocalScroll_Xcode
    /usr/bin/touch -c /tmp/LocalScrollDerived/Build/Products/Debug-iphonesimulator/LocalScroll.app

ProcessInfoPlistFile /tmp/LocalScrollDerived/Build/Products/Debug-iphonesimulator/LocalScrollUITests-Runner.app/PlugIns/LocalScrollUITests.xctest/Info.plist /tmp/LocalScrollDerived/Build/Intermediates.noindex/LocalScroll.build/Debug-iphonesimulator/LocalScrollUITests.build/empty-LocalScrollUITests.plist (in target 'LocalScrollUITests' from project 'LocalScroll')
    cd /Users/ipanda/Documents/Code/iosproject/LocalScroll_Xcode
    builtin-infoPlistUtility /tmp/LocalScrollDerived/Build/Intermediates.noindex/LocalScroll.build/Debug-iphonesimulator/LocalScrollUITests.build/empty-LocalScrollUITests.plist -producttype com.apple.product-type.bundle.ui-testing -expandbuildsettings -format binary -platform iphonesimulator -additionalcontentfile /tmp/LocalScrollDerived/Build/Intermediates.noindex/LocalScroll.build/Debug-iphonesimulator/LocalScrollUITests.build/ProductTypeInfoPlistAdditions.plist -o /tmp/LocalScrollDerived/Build/Products/Debug-iphonesimulator/LocalScrollUITests-Runner.app/PlugIns/LocalScrollUITests.xctest/Info.plist

Ld /tmp/LocalScrollDerived/Build/Products/Debug-iphonesimulator/LocalScrollUITests-Runner.app/PlugIns/LocalScrollUITests.xctest/LocalScrollUITests normal (in target 'LocalScrollUITests' from project 'LocalScroll')
    cd /Users/ipanda/Documents/Code/iosproject/LocalScroll_Xcode
    /Applications/Xcode.app/Contents/Developer/Toolchains/XcodeDefault.xctoolchain/usr/bin/clang -Xlinker -reproducible -target arm64-apple-ios18.2-simulator -bundle -isysroot /Applications/Xcode.app/Contents/Developer/Platforms/iPhoneSimulator.platform/Developer/SDKs/iPhoneSimulator26.5.sdk -O0 -L/tmp/LocalScrollDerived/Build/Intermediates.noindex/EagerLinkingTBDs/Debug-iphonesimulator -L/tmp/LocalScrollDerived/Build/Products/Debug-iphonesimulator -L/Applications/Xcode.app/Contents/Developer/Platforms/iPhoneSimulator.platform/Developer/usr/lib -F/tmp/LocalScrollDerived/Build/Intermediates.noindex/EagerLinkingTBDs/Debug-iphonesimulator -F/tmp/LocalScrollDerived/Build/Products/Debug-iphonesimulator -iframework /Applications/Xcode.app/Contents/Developer/Platforms/iPhoneSimulator.platform/Developer/Library/Frameworks -iframework /Applications/Xcode.app/Contents/Developer/Platforms/iPhoneSimulator.platform/Developer/SDKs/iPhoneSimulator26.5.sdk/Developer/Library/Frameworks -filelist /tmp/LocalScrollDerived/Build/Intermediates.noindex/LocalScroll.build/Debug-iphonesimulator/LocalScrollUITests.build/Objects-normal/arm64/LocalScrollUITests.LinkFileList -Xlinker -rpath -Xlinker /usr/lib/swift -Xlinker -rpath -Xlinker @loader_path/Frameworks -Xlinker -dead_strip -Xlinker -object_path_lto -Xlinker /tmp/LocalScrollDerived/Build/Intermediates.noindex/LocalScroll.build/Debug-iphonesimulator/LocalScrollUITests.build/Objects-normal/arm64/LocalScrollUITests_lto.o -rdynamic -Xlinker -no_deduplicate -Xlinker -objc_abi_version -Xlinker 2 -Xlinker -debug_variant -Xlinker -dependency_info -Xlinker /tmp/LocalScrollDerived/Build/Intermediates.noindex/LocalScroll.build/Debug-iphonesimulator/LocalScrollUITests.build/Objects-normal/arm64/LocalScrollUITests_dependency_info.dat -fobjc-link-runtime -fprofile-instr-generate -L/Applications/Xcode.app/Contents/Developer/Toolchains/XcodeDefault.xctoolchain/usr/lib/swift/iphonesimulator -L/usr/lib/swift -Xlinker -add_ast_path -Xlinker /tmp/LocalScrollDerived/Build/Intermediates.noindex/LocalScroll.build/Debug-iphonesimulator/LocalScrollUITests.build/Objects-normal/arm64/LocalScrollUITests.swiftmodule @/tmp/LocalScrollDerived/Build/Intermediates.noindex/LocalScroll.build/Debug-iphonesimulator/LocalScrollUITests.build/Objects-normal/arm64/LocalScrollUITests-linker-args.resp -Xlinker -needed_framework -Xlinker XCTest -framework XCTest -Xlinker -needed-lXCTestSwiftSupport -lXCTestSwiftSupport -o /tmp/LocalScrollDerived/Build/Products/Debug-iphonesimulator/LocalScrollUITests-Runner.app/PlugIns/LocalScrollUITests.xctest/LocalScrollUITests

CopySwiftLibs /tmp/LocalScrollDerived/Build/Products/Debug-iphonesimulator/LocalScrollUITests-Runner.app/PlugIns/LocalScrollUITests.xctest (in target 'LocalScrollUITests' from project 'LocalScroll')
    cd /Users/ipanda/Documents/Code/iosproject/LocalScroll_Xcode
    builtin-swiftStdLibTool --copy --verbose --scan-executable /tmp/LocalScrollDerived/Build/Products/Debug-iphonesimulator/LocalScrollUITests-Runner.app/PlugIns/LocalScrollUITests.xctest/LocalScrollUITests --scan-folder /tmp/LocalScrollDerived/Build/Products/Debug-iphonesimulator/LocalScrollUITests-Runner.app/PlugIns/LocalScrollUITests.xctest/Frameworks --scan-folder /tmp/LocalScrollDerived/Build/Products/Debug-iphonesimulator/LocalScrollUITests-Runner.app/PlugIns/LocalScrollUITests.xctest/PlugIns --scan-folder /tmp/LocalScrollDerived/Build/Products/Debug-iphonesimulator/LocalScrollUITests-Runner.app/PlugIns/LocalScrollUITests.xctest/SystemExtensions --scan-folder /tmp/LocalScrollDerived/Build/Products/Debug-iphonesimulator/LocalScrollUITests-Runner.app/PlugIns/LocalScrollUITests.xctest/Extensions --platform iphonesimulator --toolchain /Applications/Xcode.app/Contents/Developer/Toolchains/XcodeDefault.xctoolchain --destination /tmp/LocalScrollDerived/Build/Products/Debug-iphonesimulator/LocalScrollUITests-Runner.app/PlugIns/LocalScrollUITests.xctest/Frameworks --strip-bitcode --scan-executable /Applications/Xcode.app/Contents/Developer/Platforms/iPhoneSimulator.platform/Developer/usr/lib/libXCTestSwiftSupport.dylib --strip-bitcode-tool /Applications/Xcode.app/Contents/Developer/Toolchains/XcodeDefault.xctoolchain/usr/bin/bitcode_strip --emit-dependency-info /tmp/LocalScrollDerived/Build/Intermediates.noindex/LocalScroll.build/Debug-iphonesimulator/LocalScrollUITests.build/SwiftStdLibToolInputDependencies.dep --filter-for-swift-os
Ignoring --strip-bitcode because --sign was not passed

ExtractAppIntentsMetadata (in target 'LocalScrollUITests' from project 'LocalScroll')
    cd /Users/ipanda/Documents/Code/iosproject/LocalScroll_Xcode
    /Applications/Xcode.app/Contents/Developer/Toolchains/XcodeDefault.xctoolchain/usr/bin/appintentsmetadataprocessor --toolchain-dir /Applications/Xcode.app/Contents/Developer/Toolchains/XcodeDefault.xctoolchain --module-name LocalScrollUITests --sdk-root /Applications/Xcode.app/Contents/Developer/Platforms/iPhoneSimulator.platform/Developer/SDKs/iPhoneSimulator26.5.sdk --xcode-version 17F42 --platform-family iOS --deployment-target 18.2 --bundle-identifier Aaron-Wang.LocalScrollUITests --output /tmp/LocalScrollDerived/Build/Products/Debug-iphonesimulator/LocalScrollUITests-Runner.app/PlugIns/LocalScrollUITests.xctest --target-triple arm64-apple-ios18.2-simulator --binary-file /tmp/LocalScrollDerived/Build/Products/Debug-iphonesimulator/LocalScrollUITests-Runner.app/PlugIns/LocalScrollUITests.xctest/LocalScrollUITests --dependency-file /tmp/LocalScrollDerived/Build/Intermediates.noindex/LocalScroll.build/Debug-iphonesimulator/LocalScrollUITests.build/Objects-normal/arm64/LocalScrollUITests_dependency_info.dat --stringsdata-file /tmp/LocalScrollDerived/Build/Intermediates.noindex/LocalScroll.build/Debug-iphonesimulator/LocalScrollUITests.build/Objects-normal/arm64/ExtractedAppShortcutsMetadata.stringsdata --source-file-list /tmp/LocalScrollDerived/Build/Intermediates.noindex/LocalScroll.build/Debug-iphonesimulator/LocalScrollUITests.build/Objects-normal/arm64/LocalScrollUITests.SwiftFileList --metadata-file-list /tmp/LocalScrollDerived/Build/Intermediates.noindex/LocalScroll.build/Debug-iphonesimulator/LocalScrollUITests.build/LocalScrollUITests.DependencyMetadataFileList --static-metadata-file-list /tmp/LocalScrollDerived/Build/Intermediates.noindex/LocalScroll.build/Debug-iphonesimulator/LocalScrollUITests.build/LocalScrollUITests.DependencyStaticMetadataFileList --swift-const-vals-list /tmp/LocalScrollDerived/Build/Intermediates.noindex/LocalScroll.build/Debug-iphonesimulator/LocalScrollUITests.build/Objects-normal/arm64/LocalScrollUITests.SwiftConstValuesFileList --compile-time-extraction --deployment-aware-processing --validate-assistant-intents --no-app-shortcuts-localization
2026-06-05 15:45:17.573 appintentsmetadataprocessor[24182:720364] Starting appintentsmetadataprocessor export
2026-06-05 15:45:17.574 appintentsmetadataprocessor[24182:720364] warning: Metadata extraction skipped. No AppIntents.framework dependency found.

AppIntentsSSUTraining (in target 'LocalScrollUITests' from project 'LocalScroll')
    cd /Users/ipanda/Documents/Code/iosproject/LocalScroll_Xcode
    /Applications/Xcode.app/Contents/Developer/Toolchains/XcodeDefault.xctoolchain/usr/bin/appintentsnltrainingprocessor --infoplist-path /tmp/LocalScrollDerived/Build/Products/Debug-iphonesimulator/LocalScrollUITests-Runner.app/PlugIns/LocalScrollUITests.xctest/Info.plist --temp-dir-path /tmp/LocalScrollDerived/Build/Intermediates.noindex/LocalScroll.build/Debug-iphonesimulator/LocalScrollUITests.build/ssu --bundle-id Aaron-Wang.LocalScrollUITests --product-path /tmp/LocalScrollDerived/Build/Products/Debug-iphonesimulator/LocalScrollUITests-Runner.app/PlugIns/LocalScrollUITests.xctest --extracted-metadata-path /tmp/LocalScrollDerived/Build/Products/Debug-iphonesimulator/LocalScrollUITests-Runner.app/PlugIns/LocalScrollUITests.xctest/Metadata.appintents --metadata-file-list /tmp/LocalScrollDerived/Build/Intermediates.noindex/LocalScroll.build/Debug-iphonesimulator/LocalScrollUITests.build/LocalScrollUITests.DependencyMetadataFileList --source-file /tmp/LocalScrollDerived/Build/Products/Debug-iphonesimulator/LocalScrollUITests-Runner.app/PlugIns/LocalScrollUITests.xctest/Info.plist --archive-ssu-assets
2026-06-05 15:45:17.591 appintentsnltrainingprocessor[24183:720365] Parsing options for appintentsnltrainingprocessor
2026-06-05 15:45:17.591 appintentsnltrainingprocessor[24183:720365] Starting AppIntents SSU YAML Generation
2026-06-05 15:45:17.591 appintentsnltrainingprocessor[24183:720365] No AppShortcuts found - Skipping.

CopyPlistFile /tmp/LocalScrollDerived/Build/Products/Debug-iphonesimulator/LocalScrollUITests-Runner.app/Info.plist /Applications/Xcode.app/Contents/Developer/Platforms/iPhoneSimulator.platform/Developer/Library/Xcode/Agents/XCTRunner.app/Info.plist (in target 'LocalScrollUITests' from project 'LocalScroll')
    cd /Users/ipanda/Documents/Code/iosproject/LocalScroll_Xcode
    builtin-copyPlist --validate --convert xml1 --macro-expansion WRAPPEDPRODUCTNAME LocalScrollUITests-Runner --macro-expansion WRAPPEDPRODUCTBUNDLEIDENTIFIER Aaron-Wang.LocalScrollUITests.xctrunner --macro-expansion TESTPRODUCTNAME LocalScrollUITests --macro-expansion TESTPRODUCTBUNDLEIDENTIFIER Aaron-Wang.LocalScrollUITests --copy-value UIDeviceFamily /tmp/LocalScrollDerived/Build/Products/Debug-iphonesimulator/LocalScrollUITests-Runner.app/PlugIns/LocalScrollUITests.xctest/Info.plist --outdir /tmp/LocalScrollDerived/Build/Products/Debug-iphonesimulator/LocalScrollUITests-Runner.app -- /Applications/Xcode.app/Contents/Developer/Platforms/iPhoneSimulator.platform/Developer/Library/Xcode/Agents/XCTRunner.app/Info.plist

CopyAndPreserveArchs /tmp/LocalScrollDerived/Build/Products/Debug-iphonesimulator/LocalScrollUITests-Runner.app/LocalScrollUITests-Runner (in target 'LocalScrollUITests' from project 'LocalScroll')
    cd /Users/ipanda/Documents/Code/iosproject/LocalScroll_Xcode
    /Applications/Xcode.app/Contents/Developer/Toolchains/XcodeDefault.xctoolchain/usr/bin/lipo /Applications/Xcode.app/Contents/Developer/Platforms/iPhoneSimulator.platform/Developer/Library/Xcode/Agents/XCTRunner.app/XCTRunner -output /tmp/LocalScrollDerived/Build/Products/Debug-iphonesimulator/LocalScrollUITests-Runner.app/LocalScrollUITests-Runner -extract arm64

Copy /tmp/LocalScrollDerived/Build/Products/Debug-iphonesimulator/LocalScrollUITests-Runner.app/PkgInfo /Applications/Xcode.app/Contents/Developer/Platforms/iPhoneSimulator.platform/Developer/Library/Xcode/Agents/XCTRunner.app/PkgInfo (in target 'LocalScrollUITests' from project 'LocalScroll')
    cd /Users/ipanda/Documents/Code/iosproject/LocalScroll_Xcode
    builtin-copy -exclude .DS_Store -exclude CVS -exclude .svn -exclude .git -exclude .hg -resolve-src-symlinks /Applications/Xcode.app/Contents/Developer/Platforms/iPhoneSimulator.platform/Developer/Library/Xcode/Agents/XCTRunner.app/PkgInfo /tmp/LocalScrollDerived/Build/Products/Debug-iphonesimulator/LocalScrollUITests-Runner.app

MkDir /tmp/LocalScrollDerived/Build/Products/Debug-iphonesimulator/LocalScrollUITests-Runner.app (in target 'LocalScrollUITests' from project 'LocalScroll')
    cd /Users/ipanda/Documents/Code/iosproject/LocalScroll_Xcode
    /bin/mkdir -p /tmp/LocalScrollDerived/Build/Products/Debug-iphonesimulator/LocalScrollUITests-Runner.app

Copy /tmp/LocalScrollDerived/Build/Products/Debug-iphonesimulator/LocalScrollUITests-Runner.app/Frameworks/XCUIAutomation.framework /Applications/Xcode.app/Contents/Developer/Platforms/iPhoneSimulator.platform/Developer/Library/Frameworks/XCUIAutomation.framework (in target 'LocalScrollUITests' from project 'LocalScroll')
    cd /Users/ipanda/Documents/Code/iosproject/LocalScroll_Xcode
    builtin-copy -exclude .DS_Store -exclude CVS -exclude .svn -exclude .git -exclude .hg -exclude Headers -exclude PrivateHeaders -exclude Modules -exclude \*.tbd -resolve-src-symlinks /Applications/Xcode.app/Contents/Developer/Platforms/iPhoneSimulator.platform/Developer/Library/Frameworks/XCUIAutomation.framework /tmp/LocalScrollDerived/Build/Products/Debug-iphonesimulator/LocalScrollUITests-Runner.app/Frameworks

Copy /tmp/LocalScrollDerived/Build/Products/Debug-iphonesimulator/LocalScrollUITests-Runner.app/Frameworks/XCUnit.framework /Applications/Xcode.app/Contents/Developer/Platforms/iPhoneSimulator.platform/Developer/Library/PrivateFrameworks/XCUnit.framework (in target 'LocalScrollUITests' from project 'LocalScroll')
    cd /Users/ipanda/Documents/Code/iosproject/LocalScroll_Xcode
    builtin-copy -exclude .DS_Store -exclude CVS -exclude .svn -exclude .git -exclude .hg -exclude Headers -exclude PrivateHeaders -exclude Modules -exclude \*.tbd -resolve-src-symlinks /Applications/Xcode.app/Contents/Developer/Platforms/iPhoneSimulator.platform/Developer/Library/PrivateFrameworks/XCUnit.framework /tmp/LocalScrollDerived/Build/Products/Debug-iphonesimulator/LocalScrollUITests-Runner.app/Frameworks

Copy /tmp/LocalScrollDerived/Build/Products/Debug-iphonesimulator/LocalScrollUITests-Runner.app/Frameworks/libXCTestSwiftSupport.dylib /Applications/Xcode.app/Contents/Developer/Platforms/iPhoneSimulator.platform/Developer/usr/lib/libXCTestSwiftSupport.dylib (in target 'LocalScrollUITests' from project 'LocalScroll')
    cd /Users/ipanda/Documents/Code/iosproject/LocalScroll_Xcode
    builtin-copy -exclude .DS_Store -exclude CVS -exclude .svn -exclude .git -exclude .hg -exclude Headers -exclude PrivateHeaders -exclude Modules -exclude \*.tbd -resolve-src-symlinks /Applications/Xcode.app/Contents/Developer/Platforms/iPhoneSimulator.platform/Developer/usr/lib/libXCTestSwiftSupport.dylib /tmp/LocalScrollDerived/Build/Products/Debug-iphonesimulator/LocalScrollUITests-Runner.app/Frameworks

Copy /tmp/LocalScrollDerived/Build/Products/Debug-iphonesimulator/LocalScrollUITests-Runner.app/Frameworks/XCTestSupport.framework /Applications/Xcode.app/Contents/Developer/Platforms/iPhoneSimulator.platform/Developer/Library/PrivateFrameworks/XCTestSupport.framework (in target 'LocalScrollUITests' from project 'LocalScroll')
    cd /Users/ipanda/Documents/Code/iosproject/LocalScroll_Xcode
    builtin-copy -exclude .DS_Store -exclude CVS -exclude .svn -exclude .git -exclude .hg -exclude Headers -exclude PrivateHeaders -exclude Modules -exclude \*.tbd -resolve-src-symlinks /Applications/Xcode.app/Contents/Developer/Platforms/iPhoneSimulator.platform/Developer/Library/PrivateFrameworks/XCTestSupport.framework /tmp/LocalScrollDerived/Build/Products/Debug-iphonesimulator/LocalScrollUITests-Runner.app/Frameworks

Copy /tmp/LocalScrollDerived/Build/Products/Debug-iphonesimulator/LocalScrollUITests-Runner.app/Frameworks/XCTestCore.framework /Applications/Xcode.app/Contents/Developer/Platforms/iPhoneSimulator.platform/Developer/Library/PrivateFrameworks/XCTestCore.framework (in target 'LocalScrollUITests' from project 'LocalScroll')
    cd /Users/ipanda/Documents/Code/iosproject/LocalScroll_Xcode
    builtin-copy -exclude .DS_Store -exclude CVS -exclude .svn -exclude .git -exclude .hg -exclude Headers -exclude PrivateHeaders -exclude Modules -exclude \*.tbd -resolve-src-symlinks /Applications/Xcode.app/Contents/Developer/Platforms/iPhoneSimulator.platform/Developer/Library/PrivateFrameworks/XCTestCore.framework /tmp/LocalScrollDerived/Build/Products/Debug-iphonesimulator/LocalScrollUITests-Runner.app/Frameworks

Copy /tmp/LocalScrollDerived/Build/Products/Debug-iphonesimulator/LocalScrollUITests-Runner.app/Frameworks/XCTest.framework /Applications/Xcode.app/Contents/Developer/Platforms/iPhoneSimulator.platform/Developer/Library/Frameworks/XCTest.framework (in target 'LocalScrollUITests' from project 'LocalScroll')
    cd /Users/ipanda/Documents/Code/iosproject/LocalScroll_Xcode
    builtin-copy -exclude .DS_Store -exclude CVS -exclude .svn -exclude .git -exclude .hg -exclude Headers -exclude PrivateHeaders -exclude Modules -exclude \*.tbd -resolve-src-symlinks /Applications/Xcode.app/Contents/Developer/Platforms/iPhoneSimulator.platform/Developer/Library/Frameworks/XCTest.framework /tmp/LocalScrollDerived/Build/Products/Debug-iphonesimulator/LocalScrollUITests-Runner.app/Frameworks

Copy /tmp/LocalScrollDerived/Build/Products/Debug-iphonesimulator/LocalScrollUITests-Runner.app/Frameworks/XCTAutomationSupport.framework /Applications/Xcode.app/Contents/Developer/Platforms/iPhoneSimulator.platform/Developer/Library/PrivateFrameworks/XCTAutomationSupport.framework (in target 'LocalScrollUITests' from project 'LocalScroll')
    cd /Users/ipanda/Documents/Code/iosproject/LocalScroll_Xcode
    builtin-copy -exclude .DS_Store -exclude CVS -exclude .svn -exclude .git -exclude .hg -exclude Headers -exclude PrivateHeaders -exclude Modules -exclude \*.tbd -resolve-src-symlinks /Applications/Xcode.app/Contents/Developer/Platforms/iPhoneSimulator.platform/Developer/Library/PrivateFrameworks/XCTAutomationSupport.framework /tmp/LocalScrollDerived/Build/Products/Debug-iphonesimulator/LocalScrollUITests-Runner.app/Frameworks

Copy /tmp/LocalScrollDerived/Build/Products/Debug-iphonesimulator/LocalScrollUITests-Runner.app/Frameworks/Testing.framework /Applications/Xcode.app/Contents/Developer/Platforms/iPhoneSimulator.platform/Developer/Library/Frameworks/Testing.framework (in target 'LocalScrollUITests' from project 'LocalScroll')
    cd /Users/ipanda/Documents/Code/iosproject/LocalScroll_Xcode
    builtin-copy -exclude .DS_Store -exclude CVS -exclude .svn -exclude .git -exclude .hg -exclude Headers -exclude PrivateHeaders -exclude Modules -exclude \*.tbd -resolve-src-symlinks /Applications/Xcode.app/Contents/Developer/Platforms/iPhoneSimulator.platform/Developer/Library/Frameworks/Testing.framework /tmp/LocalScrollDerived/Build/Products/Debug-iphonesimulator/LocalScrollUITests-Runner.app/Frameworks

RegisterExecutionPolicyException /tmp/LocalScrollDerived/Build/Products/Debug-iphonesimulator/LocalScrollUITests-Runner.app/PlugIns/LocalScrollUITests.xctest (in target 'LocalScrollUITests' from project 'LocalScroll')
    cd /Users/ipanda/Documents/Code/iosproject/LocalScroll_Xcode
    builtin-RegisterExecutionPolicyException /tmp/LocalScrollDerived/Build/Products/Debug-iphonesimulator/LocalScrollUITests-Runner.app/PlugIns/LocalScrollUITests.xctest

Touch /tmp/LocalScrollDerived/Build/Products/Debug-iphonesimulator/LocalScrollUITests-Runner.app/PlugIns/LocalScrollUITests.xctest (in target 'LocalScrollUITests' from project 'LocalScroll')
    cd /Users/ipanda/Documents/Code/iosproject/LocalScroll_Xcode
    /usr/bin/touch -c /tmp/LocalScrollDerived/Build/Products/Debug-iphonesimulator/LocalScrollUITests-Runner.app/PlugIns/LocalScrollUITests.xctest

** TEST BUILD SUCCEEDED **

